,element,Number,MendeleevNumber,AtomicWeight,MeltingT,Column,Row,CovalentRadius,Electronegativity,NsValence,NpValence,NdValence,NfValence,NValence,NsUnfilled,NpUnfilled,NdUnfilled,NfUnfilled,NUnfilled,GSvolume_pa,GSbandgap,GSmagmom,SpaceGroupNumber
0,H,-1.7142857142857142,1.2859503399157364,-1.6088529630928414,-1.4299432243028214,-1.243056157230574,-2.5254814358655944,-2.7574160710938207,0.7463890447175887,-1.9651984506647284,-0.5770450350846598,-0.8885851142416609,-0.6736399056804304,-1.1941358035633725,2.25,-0.5169341375966833,-0.6299958172994405,-0.44122126175828436,-0.72932278424863,-1.1878196061411186,2.4958013043721246,-0.2078325895799724,0.1841695256630751
1,He,-1.6785714285714286,1.4834234527998942,-1.56796858661962,-0.08841311635374915,1.6894182394406947,-2.5254814358655944,-2.8258225567449973,-0.16460102774235633,0.4477667355944951,-0.5770450350846598,-0.8885851142416609,-0.6736399056804304,-1.067405855045159,-0.4444444444444444,-0.5169341375966833,-0.6299958172994405,-0.44122126175828436,-0.9386254767696866,-0.8466344718718971,6.176960613745653,-0.2078325895799724,0.6917751752220731
2,Li,-1.6428571428571428,-1.7090585388273254,-1.527852349775475,-0.9373351702326788,-1.243056157230574,-1.8739609590598425,-0.5456063683724433,-1.2034493559861525,-1.9651984506647284,-0.5770450350846598,-0.8885851142416609,-0.6736399056804304,-1.1941358035633725,2.25,-0.5169341375966833,-0.6299958172994405,-0.44122126175828436,-0.72932278424863,-0.5894964078801331,-0.32588186366206906,-0.2078325895799724,0.7572726783909761
3,Be,-1.6071428571428572,0.4631457028984117,-1.499575707993344,0.30215085664673225,-1.0705576633087348,-1.8739609590598425,-1.2752755486516605,-0.26049471958024495,0.4477667355944951,-0.5770450350846598,-0.8885851142416609,-0.6736399056804304,-1.067405855045159,-0.4444444444444444,-0.5169341375966833,-0.6299958172994405,-0.44122126175828436,-0.9386254767696866,-1.111367752680089,-0.32588186366206906,-0.2078325895799724,0.1841695256630751
4,B,-1.5714285714285714,0.6277066303018767,-1.475017493303737,1.1850091777149463,0.826925769831498,-1.8739609590598425,-1.548901491256367,0.49067253314988474,0.4477667355944951,-0.04396533600645023,-0.8885851142416609,-0.6736399056804304,-0.9406759065269455,-0.4444444444444444,2.8259066188618682,-0.6299958172994405,-0.44122126175828436,0.10788798583559614,-1.1543906584512957,0.22171079495044985,-0.2078325895799724,-0.27431299651924573
5,C,-1.5357142857142858,0.7922675577053415,-1.4586386877974984,2.837567583267758,0.9994242637533374,-1.8739609590598425,-1.7313187863261714,1.3057689137719402,0.4477667355944951,0.48911436307175926,-0.8885851142416609,-0.6736399056804304,-0.813945958008732,-0.4444444444444444,2.157338467570158,-0.6299958172994405,-0.44122126175828436,-0.10141470668546039,-1.2462827881995526,1.2895883417984855,-0.2078325895799724,0.1841695256630751
6,N,-1.5,0.9568284851088065,-1.4313884620823594,-1.3749998587378656,1.1719227576751767,-1.8739609590598425,-1.845329595744799,2.0889007304480334,0.4477667355944951,1.0221940621499688,-0.8885851142416609,-0.6736399056804304,-0.6872160094905185,-0.4444444444444444,1.4887703162784476,-0.6299958172994405,-0.44122126175828436,-0.3107173992065169,-0.6989025079780844,1.9870144247163983,-0.2078325895799724,0.1841695256630751
7,O,-1.4642857142857142,1.1213894125122714,-1.404183289345607,-1.384242982023161,1.344421251597016,-1.8739609590598425,-1.959340405163427,2.7281920093672922,0.4477667355944951,1.5552737612281784,-0.8885851142416609,-0.6736399056804304,-0.5604860609723051,-0.4444444444444444,0.8202021649867374,-0.6299958172994405,-0.44122126175828436,-0.5200200917275735,-1.0385136334995786,-0.32588186366206906,-0.2078325895799724,-2.7959668685220103
8,F,-1.4285714285714286,1.3188625253964295,-1.3632396449966966,-1.3856994741772075,1.5169197455188554,-1.8739609590598425,-2.1645598621169566,3.591235235908292,0.4477667355944951,2.088353460306388,-0.8885851142416609,-0.6736399056804304,-0.43375611245409157,-0.4444444444444444,0.15163401369502705,-0.6299958172994405,-0.44122126175828436,-0.72932278424863,-1.0023863850993668,0.38196428953127887,-0.2078325895799724,-2.746843741145333
9,Ne,-1.3928571428571428,1.5163356382805873,-1.3471202791143606,-1.418123230283444,1.6894182394406947,-1.8739609590598425,-2.141757700233231,-0.16460102774235633,0.4477667355944951,2.6214331593845976,-0.8885851142416609,-0.6736399056804304,-0.3070261639358781,-0.4444444444444444,-0.5169341375966833,-0.6299958172994405,-0.44122126175828436,-0.9386254767696866,-0.8265471221389992,4.376803645472214,-0.2078325895799724,0.6917751752220731
10,Na,-1.3571428571428572,-1.6761463533466323,-1.308747848107042,-1.0301249242312442,-1.243056157230574,-1.222440482254091,0.3208757832091274,-1.28336076585106,-1.9651984506647284,-0.5770450350846598,-0.8885851142416609,-0.6736399056804304,-1.1941358035633725,2.25,-0.5169341375966833,-0.6299958172994405,-0.44122126175828436,-0.72932278424863,0.1690259029292957,-0.32588186366206906,-0.2078325895799724,0.7572726783909761
11,Mg,-1.3214285714285714,0.4960578883791047,-1.2907917689549955,-0.41153029883607534,-1.0705576633087348,-1.222440482254091,-0.24917826388401115,-0.6760340508777636,0.4477667355944951,-0.5770450350846598,-0.8885851142416609,-0.6736399056804304,-1.067405855045159,-0.4444444444444444,-0.5169341375966833,-0.6299958172994405,-0.44122126175828436,-0.9386254767696866,-0.21193418255033167,-0.32588186366206906,-0.2078325895799724,0.1841695256630751
12,Al,-1.2857142857142858,0.6606188157825696,-1.2542505460164772,-0.3997999351031004,0.826925769831498,-1.222440482254091,-0.705221501558522,-0.19656559168831897,0.4477667355944951,-0.04396533600645023,-0.8885851142416609,-0.6736399056804304,-0.9406759065269455,-0.4444444444444444,2.8259066188618682,-0.6299958172994405,-0.44122126175828436,0.10788798583559614,-0.5962921281857813,-0.32588186366206906,-0.2078325895799724,0.6917751752220731
13,Si,-1.25,0.8251797431860346,-1.2391788038667773,0.44443893631127945,0.9994242637533374,-1.222440482254091,-0.9332431203957774,0.2669205855281438,0.4477667355944951,0.48911436307175926,-0.8885851142416609,-0.6736399056804304,-0.813945958008732,-0.4444444444444444,2.157338467570158,-0.6299958172994405,-0.44122126175828436,-0.10141470668546039,-0.3588416656715253,-0.04813309390650664,-0.2078325895799724,0.7245239268065247
14,P,-1.2142857142857142,0.9897406705894994,-1.1997470446360863,-1.0901436047637623,1.1719227576751767,-1.222440482254091,-1.0244517679306795,0.7304067627446069,0.4477667355944951,1.0221940621499688,-0.8885851142416609,-0.6736399056804304,-0.6872160094905185,-0.4444444444444444,1.4887703162784476,-0.6299958172994405,-0.44122126175828436,-0.3107173992065169,-0.2311078219920487,0.2580013845304134,-0.2078325895799724,-2.959710626444268
15,S,-1.1785714285714286,1.1543015979929645,-1.1848490076576608,-1.0105295028664179,1.344421251597016,-1.222440482254091,-1.0700560916981308,1.3537157596908849,0.4477667355944951,1.5552737612281784,-0.8885851142416609,-0.6736399056804304,-0.5604860609723051,-0.4444444444444444,0.8202021649867374,-0.6299958172994405,-0.44122126175828436,-0.5200200917275735,-0.038231074319022416,0.4653248517347594,-0.2078325895799724,-1.8462530725729172
16,Cl,-1.1428571428571428,1.3517747108771223,-1.1385946165139276,-1.253382763874979,1.5169197455188554,-1.222440482254091,-1.1384625773493073,2.2806881141238113,0.4477667355944951,2.088353460306388,-0.8885851142416609,-0.6736399056804304,-0.43375611245409157,-0.4444444444444444,0.15163401369502705,-0.6299958172994405,-0.44122126175828436,-0.72932278424863,-0.11554488495142612,0.5698848672572288,-0.2078325895799724,-1.9444993273262716
17,Ar,-1.1071428571428572,1.5492478237612803,-1.0772269989840924,-1.3517520032021226,1.6894182394406947,-1.222440482254091,-1.047253929814405,-0.16460102774235633,0.4477667355944951,2.6214331593845976,-0.8885851142416609,-0.6736399056804304,-0.3070261639358781,-0.4444444444444444,-0.5169341375966833,-0.6299958172994405,-0.44122126175828436,-0.9386254767696866,0.1268524621985435,3.0013543691147846,-0.2078325895799724,0.6917751752220731
18,K,-1.0714285714285714,-1.6432341678659395,-1.0888274582977968,-1.0685987246696738,-1.243056157230574,-0.5709200054483393,1.1645557729069724,-1.4591658675538564,-1.9651984506647284,-0.5770450350846598,-0.8885851142416609,-0.6736399056804304,-1.1941358035633725,2.25,-0.5169341375966833,-0.6299958172994405,-0.44122126175828436,-0.72932278424863,2.799169536119399,-0.32588186366206906,-0.2078325895799724,0.7572726783909761
19,Ca,-1.0357142857142858,-1.5115854259431674,-1.0754521846840084,-0.19641761146920084,-1.0705576633087348,-0.5709200054483393,0.5488974020463828,-1.1714847920401896,0.4477667355944951,-0.5770450350846598,-0.8885851142416609,-0.6736399056804304,-1.067405855045159,-0.4444444444444444,-0.5169341375966833,-0.6299958172994405,-0.44122126175828436,-0.9386254767696866,0.6803039190183877,-0.32588186366206906,-0.2078325895799724,0.6917751752220731
20,Sc,-1.0,-1.3799366840203955,-1.0088568925905284,0.5867270159758267,-0.8980591693868955,-0.5709200054483393,0.41208443074402956,-0.5961226410128561,0.4477667355944951,-0.5770450350846598,-0.6530857806858109,-0.6736399056804304,-0.9406759065269455,-0.4444444444444444,-0.5169341375966833,2.066015694967283,-0.44122126175828436,0.9450987559198223,-0.2512094484459978,-0.32588186366206906,-0.20780943684192718,0.1841695256630751
21,Ti,-0.9642857142857143,-0.32674674863821995,-0.969113503273578,0.7290150956403739,-0.7255606754650561,-0.5709200054483393,0.18406281190677412,-0.30844156549918944,0.4477667355944951,-0.5770450350846598,-0.41758644712996085,-0.6736399056804304,-0.813945958008732,-0.4444444444444444,-0.5169341375966833,1.7664588602709803,-0.44122126175828436,0.7357960633987657,-0.5837000582039646,-0.32588186366206906,-0.20775043078249975,0.1841695256630751
22,V,-0.9285714285714286,-0.228010192196141,-0.9271391450765863,1.0001467120090386,-0.5530621815432167,-0.5709200054483393,0.02444767872069534,-0.16460102774235633,0.4477667355944951,-0.5770450350846598,-0.18208711357411084,-0.6736399056804304,-0.6872160094905185,-0.4444444444444444,-0.5169341375966833,1.4669020255746779,-0.44122126175828436,0.5264933708777092,-0.8043610940757985,-0.32588186366206906,-0.2078325895799724,0.7572726783909761
23,Cr,-0.8928571428571429,-0.12927363575406203,-0.9127413053775953,0.9967855762689312,-0.3805636876213774,-0.5709200054483393,-0.29478258765146226,-0.11665418182341182,-1.9651984506647284,-0.5770450350846598,0.28891155353758924,-0.6736399056804304,-0.5604860609723051,2.25,-0.5169341375966833,0.8677883561820724,-0.44122126175828436,0.31719067835665266,-0.9134923672515425,-0.32588186366206906,-0.2078325895799724,0.7572726783909761
24,Mn,-0.8571428571428571,-0.030537079311983073,-0.8725766434078934,0.25621533486526427,-0.20806519369953805,-0.5709200054483393,-0.29478258765146226,-0.2924592835262079,0.4477667355944951,-0.5770450350846598,0.28891155353758924,-0.6736399056804304,-0.43375611245409157,-0.4444444444444444,-0.5169341375966833,0.8677883561820724,-0.44122126175828436,0.10788798583559614,-0.9556106702939635,-0.32588186366206906,-0.20670185838469957,0.5607801688842672
25,Fe,-0.8214285714285714,0.06819947713009589,-0.8601945149191789,0.5833658802357192,-0.035566699777698704,-0.5709200054483393,-0.45439772083754104,0.15504461171727366,0.4477667355944951,-0.5770450350846598,0.5244108870934393,-0.6736399056804304,-0.3070261639358781,-0.4444444444444444,-0.5169341375966833,0.5682315214857698,-0.44122126175828436,-0.10141470668546039,-0.9410749967355216,-0.32588186366206906,7.487856057691324,0.7572726783909761
26,Co,-0.7857142857142857,0.16693603357217485,-0.8180331868618821,0.5351896012941797,0.13693179414414064,-0.5709200054483393,-0.5912106921398943,0.2349560215821808,0.4477667355944951,-0.5770450350846598,0.7599102206492893,-0.6736399056804304,-0.1802962154176646,-0.4444444444444444,-0.5169341375966833,0.26867468678946727,-0.44122126175828436,-0.3107173992065169,-0.9701566821697171,-0.32588186366206906,5.43804899532623,0.1841695256630751
27,Ni,-0.75,0.2656725900142538,-0.8213069683625644,0.4903744580927475,0.30943028806598,-0.5709200054483393,-0.6368150159073453,0.28290286750112525,0.4477667355944951,-0.5770450350846598,0.9954095542051393,-0.6736399056804304,-0.0535662668994511,-0.4444444444444444,-0.5169341375966833,-0.03088214790683534,-0.44122126175828436,-0.5200200917275735,-0.9656595143190683,-0.32588186366206906,1.96303631161803,0.6917751752220731
28,Cu,-0.7142857142857143,0.36440914645633277,-0.7550572462657283,0.07557669640609146,0.4819287819878193,-0.5709200054483393,-0.45439772083754104,0.2669205855281438,-1.9651984506647284,-0.5770450350846598,1.4664082213168395,-0.6736399056804304,0.0731636816187624,2.25,-0.5169341375966833,-0.6299958172994405,-0.44122126175828436,-0.72932278424863,-0.9206878358125804,-0.32588186366206906,-0.2078325895799724,0.6917751752220731
29,Zn,-0.6785714285714286,0.5289700738597977,-0.7300187122168481,-0.669575893389922,0.6544272759096587,-0.5709200054483393,-0.6824193396747964,-0.13263646379639332,0.4477667355944951,-0.5770450350846598,1.4664082213168395,-0.6736399056804304,0.1998936301369759,-0.4444444444444444,-0.5169341375966833,-0.6299958172994405,-0.44122126175828436,-0.9386254767696866,-0.7473969679675805,-0.32588186366206906,-0.2078325895799724,0.1841695256630751
30,Ga,-0.6428571428571429,0.6935310012632626,-0.6707262621763423,-1.1062658525304774,0.826925769831498,-0.5709200054483393,-0.6824193396747964,0.12308004777131065,0.4477667355944951,-0.04396533600645023,1.4664082213168395,-0.6736399056804304,0.3266235786551894,-0.4444444444444444,2.8259066188618682,-0.6299958172994405,-0.44122126175828436,0.10788798583559614,-0.4537319073202147,-0.32588186366206906,-0.2078325895799724,-1.9444993273262716
31,Ge,-0.6071428571428571,0.8580919286667276,-0.6309021597659911,-0.08841311635374915,0.9994242637533374,-0.5709200054483393,-0.7280236634422476,0.4427256872309399,0.4477667355944951,0.48911436307175926,1.4664082213168395,-0.6736399056804304,0.4533535271734029,-0.4444444444444444,2.157338467570158,-0.6299958172994405,-0.44122126175828436,-0.10141470668546039,-0.20503852517933696,-0.18826507347270244,-0.2078325895799724,0.6917751752220731
32,As,-0.5714285714285714,1.0226528560701924,-0.5997528035577439,-0.22442707597009595,1.1719227576751767,-0.5709200054483393,-0.7508258253259731,0.7144244807716257,0.4477667355944951,1.0221940621499688,1.4664082213168395,-0.6736399056804304,0.5800834756916163,-0.4444444444444444,1.4887703162784476,-0.6299958172994405,-0.44122126175828436,-0.3107173992065169,-0.25480718272651676,-0.32588186366206906,-0.2078325895799724,-0.27431299651924573
33,Se,-0.5357142857142857,1.1872137834736574,-0.5446188799465124,-0.8921727096714356,1.344421251597016,-0.5709200054483393,-0.7280236634422476,1.3057689137719402,0.4477667355944951,1.5552737612281784,1.4664082213168395,-0.6736399056804304,0.7068134242098298,-0.4444444444444444,0.8202021649867374,-0.6299958172994405,-0.44122126175828436,-0.5200200917275735,-0.030248601384120624,-0.038790961935426915,-0.2078325895799724,-2.763218116937559
34,Br,-0.5,1.3846868963578154,-0.5317309976443624,-1.1478431016356063,1.5169197455188554,-0.5709200054483393,-0.7280236634422476,1.9610424746641812,0.4477667355944951,2.088353460306388,1.4664082213168395,-0.6736399056804304,0.8335433727280434,-0.4444444444444444,0.15163401369502705,-0.6299958172994405,-0.44122126175828436,-0.72932278424863,0.18321696592667502,0.1976368394865136,-0.2078325895799724,-1.9444993273262716
35,Kr,-0.4642857142857143,1.5821600092419732,-0.4785684831479937,-1.3159110924267774,1.6894182394406947,-0.5709200054483393,-0.8192323109771497,2.024971602556107,0.4477667355944951,2.6214331593845976,1.4664082213168395,-0.6736399056804304,0.9602733212462569,-0.4444444444444444,-0.5169341375966833,-0.6299958172994405,-0.44122126175828436,-0.9386254767696866,0.5777684920235954,2.381539844110457,-0.2078325895799724,0.6917751752220731
36,Rb,-0.42857142857142855,-1.6103219823852464,-0.4557716760842965,-1.0955662370911354,-1.243056157230574,0.08060047135741229,1.5521925249303066,-1.4591658675538564,-1.9651984506647284,-0.5770450350846598,-0.8885851142416609,-0.6736399056804304,-1.1941358035633725,2.25,-0.5169341375966833,-0.6299958172994405,-0.44122126175828436,-0.72932278424863,3.855454327171452,-0.32588186366206906,-0.2078325895799724,0.7572726783909761
37,Sr,-0.39285714285714285,-1.4786732404624745,-0.42638894272551753,-0.26924221917152813,-1.0705576633087348,0.08060047135741229,0.9821384778371681,-1.251396201905097,0.4477667355944951,-0.5770450350846598,-0.8885851142416609,-0.6736399056804304,-1.067405855045159,-0.4444444444444444,-0.5169341375966833,-0.6299958172994405,-0.44122126175828436,-0.9386254767696866,1.6672823566407744,-0.32588186366206906,-0.2078325895799724,0.6917751752220731
38,Y,-0.35714285714285715,-1.3470244985397024,-0.40883398143503075,0.5699213372752896,-0.8980591693868955,0.08060047135741229,0.8681276684185404,-0.8198745886345971,0.4477667355944951,-0.5770450350846598,-0.6530857806858109,-0.6736399056804304,-0.9406759065269455,-0.4444444444444444,-0.5169341375966833,2.066015694967283,-0.44122126175828436,0.9450987559198223,0.35620802258163176,-0.32588186366206906,-0.2078325895799724,0.1841695256630751
39,Zr,-0.32142857142857145,-0.293834563157527,-0.3771856293601061,0.9385258901070693,-0.7255606754650561,0.08060047135741229,0.5260952401626573,-0.6440694869318005,0.4477667355944951,-0.5770450350846598,-0.41758644712996085,-0.6736399056804304,-0.813945958008732,-0.4444444444444444,-0.5169341375966833,1.7664588602709803,-0.44122126175828436,0.7357960633987657,-0.1936456999576933,-0.32588186366206906,-0.2078325895799724,0.1841695256630751
40,Nb,-0.2857142857142857,-0.195098006715448,-0.35421707488183146,1.63540136688934,-0.5530621815432167,0.08060047135741229,0.2752714594416763,-0.21254787366130046,-1.9651984506647284,-0.5770450350846598,0.0534122199817392,-0.6736399056804304,-0.6872160094905185,2.25,-0.5169341375966833,1.167345190878375,-0.44122126175828436,0.5264933708777092,-0.4943563235710755,-0.32588186366206906,-0.2078325895799724,0.7572726783909761
41,Mo,-0.25,-0.09636145027336905,-0.3125277791662687,1.7989766395745674,-0.3805636876213774,0.08060047135741229,0.04724984060442088,0.6824599168256628,-1.9651984506647284,-0.5770450350846598,0.28891155353758924,-0.6736399056804304,-0.5604860609723051,2.25,-0.5169341375966833,0.8677883561820724,-0.44122126175828436,0.31719067835665266,-0.6436622962126153,-0.32588186366206906,-0.2078325895799724,0.7572726783909761
42,Tc,-0.21428571428571427,0.0023751061687099116,-0.2846768470726394,1.2768802212778825,-0.20806519369953805,0.08060047135741229,-0.11236529258165791,0.2669205855281438,0.4477667355944951,-0.5770450350846598,0.28891155353758924,-0.6736399056804304,-0.43375611245409157,-0.4444444444444444,-0.5169341375966833,0.8677883561820724,-0.44122126175828436,0.10788798583559614,-0.7279092406147691,-0.32588186366206906,-0.2078325895799724,0.1841695256630751
43,Ru,-0.17857142857142858,0.10111166261078887,-0.2427639247552661,1.47518722994422,-0.035566699777698704,0.08060047135741229,-0.13516745446538345,0.7463890447175887,-1.9651984506647284,-0.5770450350846598,0.7599102206492893,-0.6736399056804304,-0.3070261639358781,2.25,-0.5169341375966833,0.26867468678946727,-0.44122126175828436,-0.10141470668546039,-0.7743799750714733,-0.32588186366206906,-0.2078325895799724,0.1841695256630751
44,Rh,-0.14285714285714285,0.19984821905286781,-0.21770491207984613,1.060647155330972,0.13693179414414064,0.08060047135741229,-0.22637610200028563,0.87424730050144,-1.9651984506647284,-0.5770450350846598,0.9954095542051393,-0.6736399056804304,-0.1802962154176646,2.25,-0.5169341375966833,-0.03088214790683534,-0.44122126175828436,-0.3107173992065169,-0.7665848841303486,-0.32588186366206906,-0.2078325895799724,0.6917751752220731
45,Pd,-0.10714285714285714,0.2985847754949468,-0.169723490097954,0.6024683350253297,0.30943028806598,0.08060047135741229,-0.29478258765146226,0.7463890447175887,-4.3781636369239525,-0.5770450350846598,1.4664082213168395,-0.6736399056804304,-0.0535662668994511,-0.4444444444444444,-0.5169341375966833,-0.6299958172994405,-0.44122126175828436,-0.9386254767696866,-0.7204139608636878,-0.32588186366206906,-0.2078325895799724,0.6917751752220731
46,Ag,-0.07142857142857142,0.39732133193702573,-0.14995205879501586,-0.062050608365506695,0.4819287819878193,0.08060047135741229,-0.157969616349109,0.3148674314470883,-1.9651984506647284,-0.5770450350846598,1.4664082213168395,-0.6736399056804304,0.0731636816187624,2.25,-0.5169341375966833,-0.6299958172994405,-0.44122126175828436,-0.72932278424863,-0.605286463887079,-0.32588186366206906,-0.2078325895799724,0.6917751752220731
47,Cd,-0.03571428571428571,0.5618822593404906,-0.08793185569945758,-0.7798883683802472,0.6544272759096587,0.08060047135741229,-0.18077177823283452,-0.06870733590446733,0.4477667355944951,-0.5770450350846598,1.4664082213168395,-0.6736399056804304,0.1998936301369759,-0.4444444444444444,-0.5169341375966833,-0.6299958172994405,-0.44122126175828436,-0.9386254767696866,-0.41550598058970006,-0.32588186366206906,-0.2078325895799724,0.1841695256630751
48,In,0.0,0.7264431867439556,-0.05507048631251371,-0.964157033438736,0.826925769831498,0.08060047135741229,-0.22637610200028563,0.07513320185236616,0.4477667355944951,-0.04396533600645023,1.4664082213168395,-0.6736399056804304,0.3266235786551894,-0.4444444444444444,2.8259066188618682,-0.6299958172994405,-0.44122126175828436,0.10788798583559614,-0.12978591647848045,-0.32588186366206906,-0.2078325895799724,-0.7164211429093408
49,Sn,0.03571428571428571,0.8910041141474205,-0.001935276651530934,-0.8797589150046389,0.9994242637533374,0.08060047135741229,-0.29478258765146226,0.3628142773660328,0.4477667355944951,0.48911436307175926,1.4664082213168395,-0.6736399056804304,0.4533535271734029,-0.4444444444444444,2.157338467570158,-0.6299958172994405,-0.44122126175828436,-0.10141470668546039,0.4113732815495899,-0.32588186366206906,-0.2078325895799724,-0.6836723913248893
50,Sb,0.07142857142857142,1.0555650415508855,0.03970459731198352,-0.4330639751443635,1.1719227576751767,0.08060047135741229,-0.29478258765146226,0.5066548151228659,0.4477667355944951,1.0221940621499688,1.4664082213168395,-0.6736399056804304,0.5800834756916163,-0.4444444444444444,1.4887703162784476,-0.6299958172994405,-0.44122126175828436,-0.3107173992065169,0.30793842098466795,-0.32588186366206906,-0.2078325895799724,-0.27431299651924573
51,Te,0.10714285714285714,1.2201259689543504,0.11943471663884354,-0.6359869435604485,1.344421251597016,0.08060047135741229,-0.3175847495351878,0.5865662249877738,0.4477667355944951,1.5552737612281784,1.4664082213168395,-0.6736399056804304,0.7068134242098298,-0.4444444444444444,0.8202021649867374,-0.6299958172994405,-0.44122126175828436,-0.5200200917275735,0.5000174567370461,-0.15916073925510793,-0.2078325895799724,-0.5035542576104062
52,I,0.14285714285714285,1.4175990818385082,0.10993905056086213,-1.012221274522272,1.5169197455188554,0.08060047135741229,-0.29478258765146226,1.481574015474737,0.4477667355944951,2.088353460306388,1.4664082213168395,-0.6736399056804304,0.8335433727280434,-0.4444444444444444,0.15163401369502705,-0.6299958172994405,-0.44122126175828436,-0.72932278424863,0.9948058573737594,0.05570829607972563,-0.2078325895799724,-1.9444993273262716
53,Xe,0.17857142857142858,1.6150721947226663,0.16985309517892838,-1.2649226632493478,1.6894182394406947,0.08060047135741229,-0.2719804257677367,1.385680323636848,0.4477667355944951,2.6214331593845976,1.4664082213168395,-0.6736399056804304,0.9602733212462569,-0.4444444444444444,-0.5169341375966833,-0.6299958172994405,-0.44122126175828436,-0.9386254767696866,1.6325042585957572,1.993841367310649,-0.2078325895799724,0.6917751752220731
54,Cs,0.21428571428571427,-1.5774097969045535,0.19186696202752807,-1.1077447522561248,-1.243056157230574,0.7321209481631639,2.0994444101397196,-1.5071127134728008,-1.9651984506647284,-0.5770450350846598,-0.8885851142416609,-0.6736399056804304,-1.1941358035633725,2.25,-0.5169341375966833,-0.6299958172994405,-0.44122126175828436,-0.72932278424863,5.357058672503082,-0.32588186366206906,-0.2078325895799724,0.7572726783909761
55,Ba,0.25,-1.4457610549817814,0.2522317835382218,-0.32526114817331836,-1.0705576633087348,0.7321209481631639,1.438181715511679,-1.347289893742986,0.4477667355944951,-0.5770450350846598,-0.8885851142416609,-0.6736399056804304,-1.067405855045159,-0.4444444444444444,-0.5169341375966833,-0.6299958172994405,-0.44122126175828436,-0.9386254767696866,2.228528904401743,-0.32588186366206906,-0.2078325895799724,0.7572726783909761
56,La,0.2857142857142857,-1.3141123130590096,0.27378171529402145,-0.10902808222640806,-0.8980591693868955,0.7321209481631639,1.2557644204418745,-1.0116619723103746,0.4477667355944951,-0.5770450350846598,-0.6530857806858109,-0.6736399056804304,-0.9406759065269455,-0.4444444444444444,-0.5169341375966833,2.066015694967283,-0.44122126175828436,0.9450987559198223,0.62798686635584,-0.32588186366206906,-0.2078325895799724,0.1841695256630751
57,Ce,0.32142857142857145,-1.2482879420976236,0.2903083764838749,-0.24571426899077622,-0.8980591693868955,0.7321209481631639,1.187357934790698,-0.9796974083644117,0.4477667355944951,-0.5770450350846598,-0.6530857806858109,-0.49412597477108494,-0.813945958008732,-0.4444444444444444,-0.5169341375966833,2.066015694967283,3.5329216745074055,3.666033758693557,0.6485239328738029,-0.32588186366206906,-0.2078325895799724,0.1841695256630751
58,Pr,0.35714285714285715,-1.1824635711362377,0.30111631295050284,-0.0967039178460142,-0.8980591693868955,0.7321209481631639,1.1645557729069724,-0.9637151263914305,0.4477667355944951,-0.5770450350846598,-0.8885851142416609,-0.13509811295239402,-0.6872160094905185,-0.4444444444444444,-0.5169341375966833,-0.6299958172994405,2.9215150689280684,1.3637041409619353,0.5546830303902646,-0.32588186366206906,-0.2078325895799724,0.1841695256630751
59,Nd,0.39285714285714285,-1.1166392001748515,0.3466382518850094,0.0041301543572082175,-0.8980591693868955,0.7321209481631639,1.1189514491395214,-0.9477328444184491,0.4477667355944951,-0.5770450350846598,-0.8885851142416609,0.04441581795695146,-0.5604860609723051,-0.4444444444444444,-0.5169341375966833,-0.6299958172994405,2.6158117661384,1.1544014484408789,0.5028156945127823,-0.32588186366206906,-0.2078325895799724,0.1841695256630751
60,Pm,0.42857142857142855,-1.0508148292134656,0.35698678449626947,0.09264006218003679,-0.8980591693868955,0.7321209481631639,1.0733471253720703,-0.9237594214589766,0.4477667355944951,-0.5770450350846598,-0.8885851142416609,0.2239297488662969,-0.43375611245409157,-0.4444444444444444,-0.5169341375966833,-0.6299958172994405,2.310108463348732,0.9450987559198223,0.4448022292394128,-0.32588186366206906,-0.2078325895799724,0.1841695256630751
61,Sm,0.4642857142857143,-0.9849904582520796,0.43016374333051116,0.06126946193903426,-0.8980591693868955,0.7321209481631639,1.0505449634883448,-0.8997859984995046,0.4477667355944951,-0.5770450350846598,-0.8885851142416609,0.4034436797756424,-0.3070261639358781,-0.4444444444444444,-0.5169341375966833,-0.6299958172994405,2.004405160559063,0.7357960633987657,0.40807535845911413,-0.32588186366206906,-0.2078325895799724,-0.27431299651924573
62,Eu,0.5,-0.9191660872906937,0.4520622213100116,-0.2188251830699169,-0.8980591693868955,0.7321209481631639,1.0505449634883448,-0.8758125755400321,0.4477667355944951,-0.5770450350846598,-0.8885851142416609,0.5829576106849879,-0.1802962154176646,-0.4444444444444444,-0.5169341375966833,-0.6299958172994405,1.6987018577693949,0.5264933708777092,0.6017533872270555,-0.32588186366206906,-0.2078325895799724,0.7572726783909761
63,Gd,0.5357142857142857,-0.8533417163293078,0.5242289012349745,0.3312806997276632,-0.8980591693868955,0.7321209481631639,1.0049406397208935,-0.8518391525805601,0.4477667355944951,-0.5770450350846598,-0.6530857806858109,0.5829576106849879,-0.0535662668994511,-0.4444444444444444,-0.5169341375966833,2.066015694967283,1.6987018577693949,2.410217603567218,0.3373199176089066,-0.32588186366206906,-0.2078325895799724,0.1841695256630751
64,Tb,0.5714285714285714,-0.7875173453679217,0.5471014792168676,0.3794569786692028,-0.8980591693868955,0.7321209481631639,0.9593363159534426,-0.8358568706075785,0.4477667355944951,-0.5770450350846598,-0.8885851142416609,0.9419854725036788,0.0731636816187624,-0.4444444444444444,-0.5169341375966833,-0.6299958172994405,1.0872952521900578,0.10788798583559614,0.3185317497015283,-0.32588186366206906,-0.2078325895799724,0.1841695256630751
65,Dy,0.6071428571428571,-0.7216929744065358,0.5959040941229908,0.44219817915120785,-0.8980591693868955,0.7321209481631639,0.9137319921859914,-0.8198745886345971,0.4477667355944951,-0.5770450350846598,-0.8885851142416609,1.1214994034130241,0.1998936301369759,-0.4444444444444444,-0.5169341375966833,-0.6299958172994405,0.7815919494003895,-0.10141470668546039,0.2887505048218998,-0.32588186366206906,-0.2078325895799724,0.1841695256630751
66,Ho,0.6428571428571429,-0.6558686034451499,0.6290838378905343,0.5116616511134278,-0.8980591693868955,0.7321209481631639,0.9137319921859914,-0.8038923066616155,0.4477667355944951,-0.5770450350846598,-0.8885851142416609,1.3010133343223698,0.3266235786551894,-0.4444444444444444,-0.5169341375966833,-0.6299958172994405,0.475888646610721,-0.3107173992065169,0.25836963756218484,-0.32588186366206906,-0.2078325895799724,0.1841695256630751
67,Er,0.6785714285714286,-0.5900442324837638,0.6608759499237663,0.5374303584542512,-0.8980591693868955,0.7321209481631639,0.8453255065348149,-0.787910024688634,0.4477667355944951,-0.5770450350846598,-0.8885851142416609,1.480527265231715,0.4533535271734029,-0.4444444444444444,-0.5169341375966833,-0.6299958172994405,0.17018534382105255,-0.5200200917275735,0.24947523892623386,-0.32588186366206906,-0.2078325895799724,0.1841695256630751
68,Tm,0.7142857142857143,-0.5242198615223779,0.6837466165671822,0.5912085302959699,-0.8980591693868955,0.7321209481631639,0.8681276684185404,-0.7719277427156526,0.4477667355944951,-0.5770450350846598,-0.8885851142416609,1.6600411961410604,0.5800834756916163,-0.4444444444444444,-0.5169341375966833,-0.6299958172994405,-0.1355179589686159,-0.72932278424863,0.20120563732927021,-0.32588186366206906,-0.2078325895799724,0.1841695256630751
69,Yb,0.75,-0.4583954905609919,0.7399917104544433,-0.22218631881002435,-0.8980591693868955,0.7321209481631639,0.7997211827673637,-0.755945460742671,0.4477667355944951,-0.5770450350846598,-0.8885851142416609,1.839555127050406,0.7068134242098298,-0.4444444444444444,-0.5169341375966833,-0.6299958172994405,-0.44122126175828436,-0.9386254767696866,0.4614417502868131,-0.32588186366206906,-0.2078325895799724,0.6917751752220731
70,Lu,0.7857142857142857,-0.39257111959960594,0.7661060550175286,0.7234132027401948,-0.8980591693868955,0.7321209481631639,0.7997211827673637,-0.7399631787696895,0.4477667355944951,-0.5770450350846598,-0.6530857806858109,1.839555127050406,0.8335433727280434,-0.4444444444444444,-0.5169341375966833,2.066015694967283,-0.44122126175828436,0.9450987559198223,0.14634018955135486,-0.32588186366206906,-0.19963943719235114,0.1841695256630751
71,Hf,0.8214285714285714,-0.26092237767683396,0.8142062530333495,1.3620289933606036,-0.7255606754650561,0.7321209481631639,0.5260952401626573,-0.692016332850745,0.4477667355944951,-0.5770450350846598,-0.41758644712996085,1.839555127050406,0.9602733212462569,-0.4444444444444444,-0.5169341375966833,1.7664588602709803,-0.44122126175828436,0.7357960633987657,-0.2533081267763006,-0.32588186366206906,-0.2078325895799724,0.1841695256630751
72,Ta,0.8571428571428571,-0.16218582123475503,0.8477622574325109,2.2404058001086744,-0.5530621815432167,0.7321209481631639,0.41208443074402956,-0.37237069339111545,0.4477667355944951,-0.5770450350846598,-0.18208711357411084,1.839555127050406,1.0870032697644703,-0.4444444444444444,-0.5169341375966833,1.4669020255746779,-0.44122126175828436,0.5264933708777092,-0.49795405785159447,-0.32588186366206906,-0.2078325895799724,0.7572726783909761
73,W,0.8928571428571429,-0.06344926479267606,0.8872466876906614,2.694159125023175,-0.3805636876213774,0.7321209481631639,0.22966713567422523,1.002105556285292,0.4477667355944951,-0.5770450350846598,0.0534122199817392,1.839555127050406,1.2137332182826839,-0.4444444444444444,-0.5169341375966833,1.167345190878375,-0.44122126175828436,0.31719067835665266,-0.622075890529501,-0.32588186366206906,-0.2078325895799724,0.7572726783909761
74,Re,0.9285714285714286,0.0352872916494029,0.919561960369887,2.429749780134725,-0.20806519369953805,0.7321209481631639,-0.021156645046755743,0.2669205855281438,0.4477667355944951,-0.5770450350846598,0.28891155353758924,1.839555127050406,1.3404631668008973,-0.4444444444444444,-0.5169341375966833,0.8677883561820724,-0.44122126175828436,0.10788798583559614,-0.7057232125515686,-0.32588186366206906,-0.2078325895799724,0.1841695256630751
75,Os,0.9642857142857143,0.13402384809148185,0.974485636748647,2.2583318573892472,-0.035566699777698704,0.7321209481631639,-0.18077177823283452,0.7463890447175887,0.4477667355944951,-0.5770450350846598,0.5244108870934393,1.839555127050406,1.467193115319111,-0.4444444444444444,-0.5169341375966833,0.5682315214857698,-0.44122126175828436,-0.10141470668546039,-0.739601877026456,-0.32588186366206906,-0.2078325895799724,0.1841695256630751
76,Ir,1.0,0.2327604045335608,1.00161299070455,1.623077202508946,0.13693179414414064,0.7321209481631639,-0.24917826388401115,0.7463890447175887,0.4477667355944951,-0.5770450350846598,0.7599102206492893,1.839555127050406,1.5939230638373243,-0.4444444444444444,-0.5169341375966833,0.26867468678946727,-0.44122126175828436,-0.3107173992065169,-0.7324064084654179,-0.32588186366206906,-0.2078325895799724,0.6917751752220731
77,Pt,1.0357142857142858,0.33149696097563974,1.040754472230253,0.8415011050759688,0.30943028806598,0.7321209481631639,-0.3631890733026389,0.87424730050144,-1.9651984506647284,-0.5770450350846598,1.2309088877609893,1.839555127050406,1.720653012355538,2.25,-0.5169341375966833,-0.3304389826031379,-0.44122126175828436,-0.5200200917275735,-0.683836995678411,-0.32588186366206906,-0.2078325895799724,0.6917751752220731
78,Au,1.0714285714285714,0.4302335174177187,1.0664560905540625,0.05267615823015955,0.4819287819878193,0.7321209481631639,-0.3631890733026389,1.289786631798959,-1.9651984506647284,-0.5770450350846598,1.4664082213168395,1.839555127050406,1.8473829608737513,2.25,-0.5169341375966833,-0.6299958172994405,-0.44122126175828436,-0.72932278424863,-0.5831004358238783,-0.32588186366206906,-0.2078325895799724,0.6917751752220731
79,Hg,1.1071428571428572,0.5947944448211837,1.1159246840476662,-1.1831126193351333,0.6544272759096587,0.7321209481631639,-0.45439772083754104,0.4267434052579588,0.4477667355944951,-0.5770450350846598,1.4664082213168395,1.839555127050406,1.9741129093919647,-0.4444444444444444,-0.5169341375966833,-0.6299958172994405,-0.44122126175828436,-0.9386254767696866,-0.07116765966636882,-0.32588186366206906,-0.2078325895799724,-0.27431299651924573
80,Tl,1.1428571428571428,0.7593553722246486,1.1677124000823542,-0.7991812875284637,0.826925769831498,0.7321209481631639,-0.157969616349109,-0.18058330971533745,0.4477667355944951,-0.04396533600645023,1.4664082213168395,1.839555127050406,2.100842857910178,-0.4444444444444444,2.8259066188618682,-0.6299958172994405,-0.44122126175828436,0.10788798583559614,0.029114014244443265,-0.32588186366206906,-0.2078325895799724,0.1841695256630751
81,Pb,1.1785714285714286,0.9239162996281135,1.2061671649981018,-0.7727291492538184,0.9994242637533374,0.7321209481631639,-0.13516745446538345,0.9541587103663478,0.4477667355944951,0.48911436307175926,1.4664082213168395,1.839555127050406,2.2275728064283915,-0.4444444444444444,2.157338467570158,-0.6299958172994405,-0.44122126175828436,-0.10141470668546039,0.1010686998548238,-0.32588186366206906,-0.2078325895799724,0.6917751752220731
82,Bi,1.2142857142857142,1.0884772270315783,1.23047392945864,-0.835705629237631,1.1719227576751767,0.7321209481631639,-0.08956313069793237,0.45870796920392176,0.4477667355944951,1.0221940621499688,1.4664082213168395,1.839555127050406,2.354302754946605,-0.4444444444444444,1.4887703162784476,-0.6299958172994405,-0.44122126175828436,-0.3107173992065169,0.39128593181669236,-0.32588186366206906,-0.2078325895799724,-2.7959668685220103
83,Po,1.25,1.2530381544350433,1.2307415168454219,-0.855200216530254,1.344421251597016,0.7321209481631639,-0.2719804257677367,0.4267434052579588,0.4477667355944951,1.5552737612281784,1.4664082213168395,1.839555127050406,2.4810327034648187,-0.4444444444444444,0.8202021649867374,-0.6299958172994405,-0.44122126175828436,-0.5200200917275735,0.737942620304203,-0.32588186366206906,-0.2078325895799724,0.6262776720531702
84,At,1.2857142857142858,1.4505112673192013,1.2443939345383774,-0.8014220446885354,1.5169197455188554,0.7321209481631639,-0.043958806930481285,0.7463890447175887,0.4477667355944951,2.088353460306388,1.4664082213168395,1.839555127050406,2.607762651983032,-0.4444444444444444,0.15163401369502705,-0.6299958172994405,-0.44122126175828436,-0.72932278424863,0.737942620304203,-0.32588186366206906,-0.2078325895799724,0.1841695256630751
85,Rn,1.3214285714285714,1.6479843802033591,1.4082229468538436,-1.2193232550418904,1.6894182394406947,0.7321209481631639,-0.043958806930481285,-0.16460102774235633,0.4477667355944951,2.6214331593845976,1.4664082213168395,1.839555127050406,2.7344926005012455,-0.4444444444444444,-0.5169341375966833,-0.6299958172994405,-0.44122126175828436,-0.9386254767696866,0.737942620304203,-0.32588186366206906,-0.2078325895799724,0.1841695256630751
86,Fr,1.3571428571428572,-1.5444976114238604,1.421875364546799,-0.08841311635374915,-1.243056157230574,1.3836414249689155,2.4642790002793284,-1.6509532512296343,-1.9651984506647284,-0.5770450350846598,-0.8885851142416609,-0.6736399056804304,-1.1941358035633725,2.25,-0.5169341375966833,-0.6299958172994405,-0.44122126175828436,-0.72932278424863,0.737942620304203,-0.32588186366206906,-0.2078325895799724,0.1841695256630751
87,Ra,1.3928571428571428,-1.4128488695010886,1.4628326176256656,-0.3555113698342851,-1.0705576633087348,1.3836414249689155,1.574994686814032,-1.3313076117700045,0.4477667355944951,-0.5770450350846598,-0.8885851142416609,-0.6736399056804304,-1.067405855045159,-0.4444444444444444,-0.5169341375966833,-0.6299958172994405,-0.44122126175828436,-0.9386254767696866,0.737942620304203,-0.32588186366206906,-0.2078325895799724,0.7572726783909761
88,Ac,1.4285714285714286,-1.2812001275783165,1.4764850353186212,0.03662113317824656,-0.8980591693868955,1.3836414249689155,1.438181715511679,-1.0116619723103746,0.4477667355944951,-0.5770450350846598,-0.6530857806858109,-0.6736399056804304,-0.9406759065269455,-0.4444444444444444,-0.5169341375966833,2.066015694967283,-0.44122126175828436,0.9450987559198223,1.0845993087917136,-0.32588186366206906,-0.2078325895799724,0.6917751752220731
89,Th,1.4642857142857142,-1.2153757566169305,1.5452667348007925,0.8208861392033099,-0.8980591693868955,1.3836414249689155,1.232962258558149,-0.692016332850745,0.4477667355944951,-0.5770450350846598,-0.41758644712996085,-0.6736399056804304,-0.813945958008732,-0.4444444444444444,-0.5169341375966833,1.7664588602709803,-0.44122126175828436,0.7357960633987657,0.3565078337716748,-0.32588186366206906,-0.2078325895799724,0.6917751752220731
90,Pa,1.5,-1.1495513856555446,1.5315842817889127,0.6214587519569367,-0.8980591693868955,1.3836414249689155,1.0961492872557959,-0.37237069339111545,0.4477667355944951,-0.5770450350846598,-0.6530857806858109,-0.31461204386173947,-0.6872160094905185,-0.4444444444444444,-0.5169341375966833,2.066015694967283,3.227218371717737,3.4567310661725004,-0.0746206575105221,-0.32588186366206906,-0.2078325895799724,-0.7164211429093408
91,U,1.5357142857142858,-1.0837270146941587,1.627056321336635,0.13185331248128995,-0.8980591693868955,1.3836414249689155,1.0049406397208935,-0.5641580770668935,0.4477667355944951,-0.5770450350846598,-0.6530857806858109,-0.13509811295239402,-0.5604860609723051,-0.4444444444444444,-0.5169341375966833,2.066015694967283,2.9215150689280684,3.247428373651444,-0.38372599444511546,-0.32588186366206906,-0.2078325895799724,-1.9608737031184973
92,Np,1.5714285714285714,-1.0179026437327727,1.613009212248176,-0.41825257031629015,-0.8980591693868955,1.3836414249689155,0.8681276684185404,-0.5961226410128561,0.4477667355944951,-0.5770450350846598,-0.6530857806858109,0.04441581795695146,-0.43375611245409157,-0.4444444444444444,-0.5169341375966833,2.066015694967283,2.6158117661384,3.0381256811303876,-0.4779416609162075,-0.32588186366206906,-0.2078325895799724,-1.977248078910723
93,Pu,1.6071428571428572,-0.9520782727713867,1.7085761360988647,-0.42273408463643336,-0.8980591693868955,1.3836414249689155,0.7997211827673637,-0.7239808967967081,0.4477667355944951,-0.5770450350846598,-0.8885851142416609,0.4034436797756424,-0.3070261639358781,-0.4444444444444444,-0.5169341375966833,-0.6299958172994405,2.004405160559063,0.7357960633987657,-0.5003525473719407,-0.32588186366206906,0.9516406256108799,-2.812341244314236
94,Am,1.6428571428571428,-0.8862539018100007,1.6949237184059092,0.17778883426275796,-0.8980591693868955,1.3836414249689155,0.6401060495812849,-0.692016332850745,0.4477667355944951,-0.5770450350846598,-0.8885851142416609,0.5829576106849879,-0.1802962154176646,-0.4444444444444444,-0.5169341375966833,-0.6299958172994405,1.6987018577693949,0.5264933708777092,-0.5003525473719407,-0.32588186366206906,0.9516406256108799,0.1841695256630751
95,Cm,1.6785714285714286,-0.8204295308486147,1.7495333891777312,0.36713281428880895,-0.8980591693868955,1.3836414249689155,0.389282268860304,-0.692016332850745,0.4477667355944951,-0.5770450350846598,-0.6530857806858109,0.5829576106849879,-0.0535662668994511,-0.4444444444444444,-0.5169341375966833,2.066015694967283,1.6987018577693949,2.410217603567218,-0.5003525473719407,-0.32588186366206906,0.9516406256108799,0.1841695256630751
96,Bk,1.7142857142857142,-0.7546051598872288,1.7495333891777312,0.03662113317824656,-0.8980591693868955,1.3836414249689155,-0.13516745446538345,-0.692016332850745,0.4477667355944951,-0.5770450350846598,-0.8885851142416609,0.9419854725036788,0.0731636816187624,-0.4444444444444444,-0.5169341375966833,-0.6299958172994405,1.0872952521900578,0.10788798583559614,-0.5003525473719407,-0.32588186366206906,0.9516406256108799,0.1841695256630751
