,element,Atomic_Number,Atomic_Weight,Period,group,families,Metal,Nonmetal,Metalliod,Mendeleev_Number,l_quantum_number,Atomic_Radius,Miracle_Radius_[pm],Covalent_Radius,Zunger_radii_sum,ionic_radius,crystal_radius,Pauling_Electronegativity,MB_electonegativity,Gordy_electonegativity,Mulliken_EN,Allred-Rockow_electronegativity,metallic_valence,number_of_valence_electrons,gilmor_number_of_valence_electron,valence_s,valence_p,valence_d,valence_f,Number_of_unfilled_s_valence_electrons,Number_of_unfilled_p_valence_electrons,Number_of_unfilled_d_valence_electrons,Number_of_unfilled_f_valence_electrons,outer_shell_electrons,1st_ionization_potential_(kJ/mol),polarizability(A^3),Melting_point_(K),Boiling_Point_(K),Density_(g/mL),specific_heat_(J/g_K)_,heat_of_fusion_(kJ/mol)_,heat_of_vaporization_(kJ/mol)_,thermal_conductivity_(W/(m_K))_,heat_atomization(kJ/mol),Cohesive_energy
0,H,-1.6988282752201815,-1.5959673306369295,-2.49453383670351,-1.3180561626489158,1.2622895499046816,-1.6922282244532982,1.8637822325921867,-0.1912730139190015,1.2676204126812558,-1.5922286130214824,-1.9063289454222512,,-2.9437270880242847,-0.9462459027241946,-2.723806424149643,-1.981595584987134,0.6752491012947078,0.671559072992256,1.0935475690844045,1.8488139257787093,0.7192459844466386,-1.727793991791832,-1.2022375351990615,-1.2135597524338357,-1.1405484359401161,-0.5295442847190055,-0.7826441725612894,-0.6123928815982332,1.1405484359401161,0.5295442847190054,0.7826441725612894,0.6123928815982334,-0.8098764527874922,1.5179709486456952,-1.1073595316771658,-1.3757786385160442,-1.5627519397250205,-1.254152570037305,8.314821083315051,-0.9062331714725225,-1.25909446378093,-0.7580143331809125,-0.55873733357688,-1.5427684401754023
1,He,-1.658526739246496,-1.5491467601410434,-2.49453383670351,1.6765840182122216,2.246643786068883,-1.6922282244532982,1.8637822325921867,-0.1912730139190015,1.4725289421479566,-1.5922286130214824,-2.2923424947389384,,-3.0913476204620802,-1.9956877428156927,-2.585528375541608,-2.2254128240949695,-2.4045455802201805,-2.3776821232969043,3.6498764160983805,-2.428124744803037,3.085009520855193,-1.727793991791832,-1.5266508383480146,-1.7866296355275915,-2.812041833438562,-0.5295442847190055,-0.7826441725612894,-0.6123928815982332,2.812041833438562,0.5295442847190054,0.7826441725612894,0.6123928815982334,-1.413731702672903,4.653871862869961,-1.1495062948466623,-1.3897741218779434,-1.5726781340823215,-1.2541332971469614,2.772263077430088,-0.9447157570424319,-1.2608106343471766,-0.7583715140186389,-1.6053813682695193,-1.5427684401754023
2,Li,-1.6182252032728104,-1.503205859063068,-1.8038648591145903,-1.3180561626489158,-1.6907731585879224,0.5909368402852787,-0.5365433699886598,-0.1912730139190015,-1.840158950897037,-1.5922286130214824,0.09392308285512894,-0.025727557956954417,-0.07988875873104263,-0.644006652777843,0.04175454801105428,-0.031057672124450143,-1.0326370402726395,-1.070864467744407,-0.9829775328974417,-0.6351462770521935,-1.0461732567012503,-1.1899937526593225,-1.2022375351990615,-1.2135597524338357,-1.1405484359401161,-0.5295442847190055,-0.7826441725612894,-0.6123928815982332,1.1405484359401161,0.5295442847190054,0.7826441725612894,0.6123928815982334,-0.8098764527874922,-0.8250795457558318,0.8740420834625089,-0.9061286777610159,-0.5732964784463171,-1.1582420999950727,1.8031823065624835,-0.7423902365796051,-0.5748527529301395,0.2653208747302893,-0.8324011408130289,-0.8066848854047258
3,Be,-1.5779236672991248,-1.4708236305512459,-1.8038648591145903,-1.1419008578923784,-1.1985960405058218,0.5909368402852787,-0.5365433699886598,-0.1912730139190015,0.4138348732366699,-1.5922286130214824,-0.8711107904365893,-1.128337184683568,-1.3789494441836472,-1.0889699929766383,-0.8800991093758447,-1.2257621437528439,-0.20669210295728296,-0.27225367824010327,-0.6827918182230357,0.49067741200066206,-0.20162111252099235,-0.652193513526813,-0.8778242320501084,-0.64048986934008,0.5309449615583298,-0.5295442847190055,-0.7826441725612894,-0.6123928815982332,-0.5309449615583298,0.5295442847190054,0.7826441725612894,0.6123928815982334,-0.20602120290208142,0.29615295093378785,-0.6959668234490131,0.266393687863742,0.4366937974090524,-0.9273560534391759,0.7203425249276203,-0.40631261030746,0.11413662530744738,1.6613530981152471,-0.0498186745061472,-0.04350623045844166
4,B,-1.5376221313254392,-1.4426996624308335,-1.8038648591145903,0.795807494429534,0.7701124318225809,-1.6922282244532982,-0.5365433699886598,5.228129047119375,0.5845919811255871,-0.5430857284724436,-1.3097625510237343,-1.789902960719536,-1.615142296084121,-1.3282427325175,-1.3410259380692944,-1.6158697263253807,0.4512640335481703,0.38115514953614527,-0.2624058436073127,0.12731632717407895,0.40253893037904215,-0.11439327439430338,-0.5534109289011553,-0.06741998624632423,0.5309449615583298,0.15244456681304702,-0.7826441725612894,-0.6123928815982332,-0.5309449615583298,-0.1524445668130471,0.7826441725612894,0.6123928815982334,0.3978340469833294,0.006230036222487772,-0.9142568318966043,1.1221480522058205,1.0768402753828625,-0.8407958676607602,0.23367296014790664,2.4622287452477183,1.0421650546239132,-0.4333006282125734,1.1456600623675555,1.0809404268292788
5,C,-1.4973205953517537,-1.4239380510720012,-1.8038648591145903,0.9719627991860715,1.2622895499046816,-1.6922282244532982,1.8637822325921867,-0.1912730139190015,0.7553490890145043,-0.5430857284724436,-1.66068395949345,-2.0931206080693547,-1.7627628285219168,-1.4583735206888455,-1.6867210595893816,-1.5183428306822466,1.1652164369902576,1.063604369658005,0.2779704341638028,1.3067506680865937,1.029593459115288,0.42340696473820616,-0.22899762575220223,0.5056498968474316,0.5309449615583298,0.8344334183450997,-0.7826441725612894,-0.6123928815982332,-0.5309449615583298,-0.8344334183450997,0.7826441725612894,0.6123928815982334,1.0016892968687403,0.8493732065563706,-1.0150060665647234,2.4981925232078144,1.5887527300032913,-0.8566946772935304,0.04508850379576758,6.182845698725203,0.4123474839930224,0.8016975225703035,1.8370212595957207,1.7854130313950798
6,N,-1.457019059378068,-1.3927353025276044,-1.8038648591145903,1.1481181039426092,1.2622895499046816,-1.6922282244532982,1.8637822325921867,-0.1912730139190015,0.9261061969034214,-0.5430857284724436,-1.8536907341517936,-2.230946811410181,-1.8218110414970352,-1.5423288678961655,-1.801952766762744,-1.493961106771463,1.8511707069640284,1.7605737859526702,0.9387044394656779,1.9202947949249223,1.693533548365431,-0.11439327439430338,0.09541567739675086,1.0787197799411872,0.5309449615583298,1.5164222698771521,-0.7826441725612894,-0.6123928815982332,-0.5309449615583298,-1.5164222698771521,0.7826441725612894,0.6123928815982334,1.6055445467541511,1.7842266866458687,-1.0737764534544596,-1.3232154490957817,-1.527327833612403,-1.2539441013123314,0.24583969926739951,-0.9216044794701009,-1.2480717626030418,-0.7598973421261062,0.6655481198479961,0.679029774224431
7,O,-1.4167175234043825,-1.3615807087856953,-1.8038648591145903,1.3242734086991466,1.2622895499046816,-1.6922282244532982,1.8637822325921867,-0.1912730139190015,1.0968633047923386,-0.5430857284724436,-1.9940592975396803,-2.451468736755504,-1.8808592544721536,-1.6052953783016555,-1.9171844739361064,0.7247757691098397,2.4111333763303717,2.4430230060745295,1.7191663019405417,2.0632565332173485,2.385455786970943,-1.727793991791832,0.41982898054570394,1.651789663034943,0.5309449615583298,2.1984111214092046,-0.7826441725612894,-0.6123928815982332,-0.5309449615583298,-2.1984111214092046,0.7826441725612894,0.6123928815982334,2.2093997966395618,1.523887742823477,-1.0995514659903867,-1.332296487918388,-1.519386878126562,-1.253912303693066,0.17283926455044246,-0.9309610163744574,-1.2451691455542269,-0.7598881401791003,-0.4099026313958167,-0.3596157325071983
8,F,-1.376415987430697,-1.3146922681607183,-1.8038648591145903,1.500428713455684,1.7544666679867822,-1.6922282244532982,1.8637822325921867,-0.1912730139190015,1.3017718342590394,-0.5430857284724436,-2.099335720080595,,-1.939907467447272,-1.6556685866260474,-2.147647888282831,0.6760123212882725,3.1670829799749347,3.1109520300235833,2.619408510784874,3.7728406536309436,3.126982744888249,-1.727793991791832,0.7442422836946571,2.2248595461286986,0.5309449615583298,2.880399972941257,-0.7826441725612894,-0.6123928815982332,-0.5309449615583298,-2.880399972941257,0.7826441725612894,0.6123928815982334,2.8132550465249726,2.6096194744464065,-1.1129007395839123,-1.3337921884303467,-1.5225508525779516,-1.2538646072641677,0.1120055689529782,-0.9287469777092584,-1.2458281257009438,-0.7598740951020914,-1.2260929336790674,-1.163437037716894
9,Ne,-1.3361144514570114,-1.2962230721495895,-1.8038648591145903,1.6765840182122216,2.246643786068883,-1.6922282244532982,1.8637822325921867,-0.1912730139190015,1.50668036372574,-0.5430857284724436,-2.1695200017745377,,-1.9989556804223905,-1.9956877428156927,-2.424203985498901,-2.2254128240949695,-2.4045455802201805,-2.3776821232969043,3.641005741893104,-2.428124744803037,3.885044609242817,-1.727793991791832,-1.5266508383480146,-1.7866296355275915,-2.812041833438562,-0.5295442847190055,-0.7826441725612894,-0.6123928815982332,2.812041833438562,0.5295442847190054,0.7826441725612894,0.6123928815982334,-1.413731702672903,3.792978310002733,-1.1328826711264226,-1.3646677204272082,-1.559712042703097,-1.254005930016459,0.16310587325484818,-0.9235530507577799,-1.253058563113743,-0.7596149876469271,-1.6053813682695193,-1.5337367401168662
10,Na,-1.2958129154833258,-1.25228856905968,-1.1131958815256706,-1.3180561626489158,-1.6907731585879224,0.5909368402852787,-0.5365433699886598,-0.1912730139190015,-1.8060075293192537,-1.5922286130214824,0.49748270259530214,0.746099180751675,0.5105933710201411,0.2291289581782834,0.8483764982245913,0.6028671495559218,-1.1026323739434323,-1.0853846639172124,-1.3422660828093687,-0.7304541025804774,-1.1008656395322007,-1.1899937526593225,-1.2022375351990615,-1.2135597524338357,-1.1405484359401161,-0.5295442847190055,-0.7826441725612894,-0.6123928815982332,1.1405484359401161,0.5295442847190054,0.7826441725612894,0.6123928815982334,-0.8098764527874922,-0.8960810758892114,0.8152716965727728,-0.9944818437174328,-0.8580541790713876,-1.0826344275192321,0.36142372090258146,-0.7696838135011005,-0.8051430311832269,0.9469914226624067,-1.0820593509231997,-1.040154331917879
11,Mg,-1.2555113795096402,-1.2317253427007633,-1.1131958815256706,-1.1419008578923784,-1.1985960405058218,0.5909368402852787,-0.5365433699886598,-0.1912730139190015,0.44798629481445335,-1.5922286130214824,-0.29209046646155845,0.19479436738836828,-0.1979851846812795,-0.2913941945070998,0.15698625518441678,-0.12858456776758442,-0.5706678380454061,-0.47553642465938045,-1.1130457617771723,-0.19434758398387972,-0.5615733065014333,-0.652193513526813,-0.8778242320501084,-0.64048986934008,0.5309449615583298,-0.5295442847190055,-0.7826441725612894,-0.6123928815982332,-0.5309449615583298,0.5295442847190054,0.7826441725612894,0.6123928815982334,-0.20602120290208142,-0.1801489803776337,-0.27617834566518373,-0.4056031850091262,-0.7296340395738068,-0.9467879318792285,0.23367296014790664,-0.3381465624736754,-0.6619641898837174,1.1286087977775356,-0.8948156933405715,-0.8608750857559412
12,Al,-1.2152098435359546,-1.189878522280132,-1.1131958815256706,0.795807494429534,0.27793531374048025,0.5909368402852787,-0.5365433699886598,-0.1912730139190015,0.6187434027033706,-0.5430857284724436,-0.7658343678956748,-0.3289452053067731,-0.5522744625319901,-0.5894356770930851,-0.4191722806823952,-0.9331814568234413,-0.1506958360206486,0.003630049043201626,-0.8247750947039361,-0.5040980169508028,-0.1545602249687787,-0.11439327439430338,-0.5534109289011553,-0.06741998624632423,0.5309449615583298,0.15244456681304702,-0.7826441725612894,-0.6123928815982332,-0.5309449615583298,-0.1524445668130471,0.7826441725612894,0.6123928815982334,0.3978340469833294,-0.6534925146001644,-0.4692810454457451,-0.39385125241516505,0.1246390623014044,-0.7772006291296792,0.16067252543094962,-0.21349231563818896,0.11884026661163626,2.1093426233992316,-0.040216435655756014,-0.011895280253565857
13,Si,-1.174908307562269,-1.1726184495823753,-1.1131958815256706,0.9719627991860715,0.7701124318225809,-1.6922282244532982,1.8637822325921867,-0.1912730139190015,0.7895005105922878,-0.5430857284724436,-0.8886568608600751,-1.1834676660198986,-0.758943207944904,-0.8035218124717509,-0.7648674022024822,-1.2501438676636274,0.25527709926995,0.49731671891858953,-0.47755905998262166,0.41323980375893077,0.23083028660745322,0.42340696473820616,-0.22899762575220223,0.5056498968474316,0.5309449615583298,0.8344334183450997,-0.7826441725612894,-0.6123928815982332,-0.5309449615583298,-0.8344334183450997,0.7826441725612894,0.6123928815982334,1.0016892968687403,-0.03518752302198366,-0.7127583625603662,0.40741687899127554,0.0551557018002979,-0.8425624020644014,0.04508850379576758,2.485991809731607,0.5460249698580704,1.0317461977161335,0.5647246119188887,0.5480701233756603
14,P,-1.1346067715885835,-1.127461408626972,-1.1131958815256706,1.1481181039426092,1.2622895499046816,-1.6922282244532982,1.8637822325921867,-0.1912730139190015,0.9602576184812049,-0.5430857284724436,-1.1167557763653906,-1.4039895913652212,-0.9065637403827,-0.9546414374449266,-0.9953308165492072,-1.4695793828606796,0.6612500345605489,0.9910033887939771,-0.07134516841674833,0.9195626268779401,0.6594659380965303,-0.11439327439430338,0.09541567739675086,1.0787197799411872,0.5309449615583298,1.5164222698771521,-0.7826441725612894,-0.6123928815982332,-0.5309449615583298,-1.5164222698771521,0.7826441725612894,0.6123928815982334,1.6055445467541511,0.6304518219784502,-0.8638822145625449,-1.0518526419261338,-1.2321476289121664,-0.9326556566500993,0.08158872115424613,-0.9014669796817538,-1.2041576266588734,-0.7573665645430019,-0.09302874933290753,0.006168119863505975
15,S,-1.094305235614898,-1.110384621237515,-1.1131958815256706,1.3242734086991466,1.2622895499046816,-1.6922282244532982,1.8637822325921867,-0.1912730139190015,1.131014726370122,-0.5430857284724436,-1.2922164806002485,-1.376424350697056,-1.0246601663329369,-1.0721789235351742,-0.9953308165492072,-1.1769986959312768,1.2072136371927338,1.4701698624965596,0.39407653677960713,1.276966972609005,1.0868296737058174,-0.652193513526813,0.41982898054570394,1.651789663034943,0.5309449615583298,2.1984111214092046,-0.7826441725612894,-0.6123928815982332,-0.5309449615583298,-2.1984111214092046,0.7826441725612894,0.6123928815982334,2.2093997966395618,0.5949510569117603,-0.9226526014522809,-0.9784564810893039,-1.1299698657467,-0.888492296559071,0.04508850379576758,-0.82946489429557,-1.2151124072563295,-0.7569548984927409,-0.26586904863994887,-0.2557511818340354
16,Cl,-1.0540036996412123,-1.0574346635800504,-1.1131958815256706,1.500428713455684,1.7544666679867822,-1.6922282244532982,1.8637822325921867,-0.1912730139190015,1.3359232558368228,-0.5430857284724436,-1.4501311144116205,,-1.1132324857956146,-1.1477387360217621,-0.9953308165492072,1.8463350690058826,2.0191595077739315,1.9493363361991418,0.9183386312310792,2.5159687044766983,1.44296612004689,-1.727793991791832,0.7442422836946571,2.2248595461286986,0.5309449615583298,2.880399972941257,-0.7826441725612894,-0.6123928815982332,-0.5309449615583298,-2.880399972941257,0.7826441725612894,0.6123928815982334,2.8132550465249726,1.3375087262233554,-0.9814229883420169,-1.2068713164155664,-1.4273214254625959,-1.2535978605692177,-0.09482899607840009,-0.7267745084901923,-1.213230950734654,-0.7601041437772372,-1.0244459178208525,-0.9105494360778887
17,Ar,-1.0137021636675267,-0.9871521039622511,-1.1131958815256706,1.6765840182122216,2.246643786068883,-1.6922282244532982,1.8637822325921867,-0.1912730139190015,1.5408317853035234,-0.5430857284724436,-1.590499677799507,,-1.172280698770733,-1.9956877428156927,-1.6636747181547091,-2.2254128240949695,-2.4045455802201805,-2.3776821232969043,1.5012836473482245,-2.428124744803037,1.9173907432083905,-1.727793991791832,-1.5266508383480146,-1.7866296355275915,-2.812041833438562,-0.5295442847190055,-0.7826441725612894,-0.6123928815982332,2.812041833438562,0.5295442847190054,0.7826441725612894,0.6123928815982334,-1.413731702672903,2.136275940223876,-1.0329730134138713,-1.301100448668964,-1.5210619234243568,-1.2538504749889383,-0.07049551783941438,-0.8654150161361964,-1.2308837165492748,-0.7599973527606696,-1.6053813682695193,-1.5066416399412585
18,K,-0.9734006276938412,-1.0004368882719175,-0.4225269039367507,-1.3180561626489158,-1.6907731585879224,0.5909368402852787,-0.5365433699886598,-0.1912730139190015,-1.7718561077414703,-1.5922286130214824,1.4274244350400496,2.1243612141599417,1.750605843497627,1.10226456913441,1.7702301556114908,1.4806092103441297,-1.2566221080191766,-1.2160664294724621,-1.2108331348211343,-0.9865938836877408,-1.2725742833037892,-1.1899937526593225,-1.2022375351990615,-1.2135597524338357,-1.1405484359401161,-0.5295442847190055,-0.7826441725612894,-0.6123928815982332,1.1405484359401161,0.5295442847190054,0.7826441725612894,0.6123928815982334,-0.8098764527874922,-1.1238776517338043,2.477634068596737,-1.0313935956375562,-0.9343617981931385,-1.1022429593996486,0.06942198203475328,-0.7876079535689483,-0.8855282610718148,0.47962937736614153,-1.173280620001916,-1.1209880474417753
19,Ca,-0.9330990917201556,-0.9851195960650442,-0.4225269039367507,-1.1419008578923784,-1.1985960405058218,0.5909368402852787,-0.5365433699886598,-0.1912730139190015,-1.6352504214303365,-1.5922286130214824,0.5676669842892453,1.324969234783147,1.1010755007713249,0.522972673403903,0.8483764982245913,0.5541037017343546,-1.0046389068043222,-0.678819171078658,-1.0929423995249783,-1.1176421437891313,-0.8909995193669258,-0.652193513526813,-0.8778242320501084,-0.64048986934008,0.5309449615583298,-0.5295442847190055,-0.7826441725612894,-0.6123928815982332,-0.5309449615583298,0.5295442847190054,0.7826441725612894,0.6123928815982334,-0.20602120290208142,-0.6179917495334746,0.7481055401273601,-0.20261525838616112,-0.48520150352527147,-0.9803520855484101,-0.003578452682203764,-0.36625487303461857,-0.5401398801052254,1.6613530981152471,-0.7507821105847037,-0.7118520347900987
20,Sc,-0.89279755574647,-0.9088550530122426,-0.4225269039367507,-0.9657455531358409,-0.7064189224237211,0.5909368402852787,-0.5365433699886598,-0.1912730139190015,-1.4986447351192027,0.5060571560765953,0.3922062800543877,0.24992484872469894,0.2153523061445489,0.31308430538560333,0.3874496695311418,-0.055439396035233714,-0.5006725043746131,-0.19965269737607555,-1.0614488816364236,-0.4385738869001077,-0.6925806421197568,-0.11439327439430338,-0.5534109289011553,-1.2135597524338357,0.5309449615583298,-0.5295442847190055,-0.5287328952036192,-0.6123928815982332,-0.5309449615583298,0.5295442847190054,0.5287328952036191,0.6123928815982334,-0.20602120290208142,-0.4907806747111695,0.3283170623435307,0.5473717126102671,0.35108037107733187,-0.7259711314240862,-0.021828561361443042,0.011238379909447517,0.21667600573876497,-0.5689082682985364,0.2094417744544148,0.2184130712390997
21,Ti,-0.8524960197727844,-0.8631378528803689,-0.4225269039367507,-0.7895902483793034,-0.2142418043416204,0.5909368402852787,-0.5365433699886598,-0.1912730139190015,-0.4057992446301326,0.5060571560765953,0.25183771666650123,-0.3013799646386078,-0.020840545755924193,0.17036021513315963,-0.07347715916230822,-0.3967835307862034,-0.24868930315975873,0.3230743648449234,-1.0283281986569603,-0.37304975684941216,-0.45091662495974316,0.42340696473820616,-0.22899762575220223,-0.64048986934008,0.5309449615583298,-0.5295442847190055,-0.274821617845949,-0.6123928815982332,-0.5309449615583298,0.5295442847190054,0.2748216178459489,0.6123928815982334,-0.20602120290208142,-0.41386235040000824,0.05965243656187978,0.6745062561267556,0.633356523113077,-0.4521582988597098,-0.07049551783941438,0.10289591434730526,0.7190248970261373,-0.49505053575171726,0.6511447615724093,0.6474188240195552
22,V,-0.8121944837990989,-0.8152722919011479,-0.4225269039367507,-0.6134349436227658,-0.2142418043416204,0.5909368402852787,-0.5365433699886598,-0.1912730139190015,-0.30334497989678233,0.5060571560765953,0.16410736454907218,-0.5219018899839305,-0.3456057171190756,0.044427194322179925,-0.18870886633567022,-0.5674555981616881,-0.12269770255233171,0.8458014270659224,-0.9935803505865884,-0.2836986704166459,-0.2601292429913112,0.9612072038707157,0.09541567739675086,-0.06741998624632423,0.5309449615583298,-0.5295442847190055,-0.020910340488278764,-0.6123928815982332,-0.5309449615583298,0.5295442847190054,0.020910340488278653,0.6123928815982334,-0.20602120290208142,-0.43752952711113474,-0.12505449366300508,0.9202284830913974,0.6910525278148887,-0.17481239748805108,-0.08874562651865367,0.4729207755964347,0.8695414187601813,-0.38850167568417493,0.8623940162810154,0.855147925365881
23,Cr,-0.7718929478254133,-0.7987839624519607,-0.4225269039367507,-0.4372796388662284,-0.2142418043416204,0.5909368402852787,-0.5365433699886598,-0.1912730139190015,-0.20089071516343202,0.5060571560765953,0.07637701243164315,-0.6321628526565918,-0.28655750414395714,0.052822729042911735,-0.07347715916230822,-0.37240180687541985,-0.08070050234985593,0.5263571112642006,-0.9572578266217888,-0.21221780127043285,-0.1074993374165659,1.3806913903940732,0.41982898054570394,0.5056498968474316,-1.1405484359401161,-0.5295442847190055,0.48691221422706166,-0.6123928815982332,1.1405484359401161,0.5295442847190054,-0.4869122142270618,0.6123928815982334,-0.8098764527874922,-0.4316127329333531,-0.19222065010841785,0.884972685309514,0.25181842750432254,0.015973318105191866,-0.11307910475763934,0.20134289578055983,0.3582556089948503,0.3742912997993667,0.30066304353313106,0.30873007182445866
24,Mn,-0.7315914118517277,-0.7527875270043634,-0.4225269039367507,-0.2611243341096909,-0.2142418043416204,0.5909368402852787,-0.5365433699886598,-0.1912730139190015,-0.09843645043008169,0.5060571560765953,-0.011353339685785507,-0.5770323713202611,0.0677317737067528,-0.13187903481319174,-0.07347715916230822,-0.250493187321502,-0.23469023642560016,0.5844378959554227,-0.9192556483695996,-0.21221780127043285,0.01969225056238877,1.3806913903940732,0.7442422836946571,1.0787197799411872,0.5309449615583298,-0.5295442847190055,0.48691221422706166,-0.6123928815982332,-0.5309449615583298,0.5295442847190054,-0.4869122142270618,0.6123928815982334,-0.20602120290208142,-0.24227531924434084,-0.3769275803333027,0.23006953257331672,-0.18865644710090618,0.058370143792579064,-0.09482899607840009,-0.12794528349618828,-0.19818515729069403,-0.665528711859785,-0.2562668097895577,-0.22414023162915978
25,Fe,-0.6912898758780421,-0.7385763881338544,-0.4225269039367507,-0.08496902935315338,-0.2142418043416204,0.5909368402852787,-0.5365433699886598,-0.1912730139190015,0.004017814303268625,0.5060571560765953,-0.09908369180321454,-0.7699890559974185,-0.3456057171190756,-0.22422991674124387,-0.07347715916230822,-0.5430738742509048,0.15728363213084015,0.04719063756161824,-0.8797312834194639,-0.009688672022829617,0.0832880445518661,1.3806913903940732,1.06865558684361,1.0787197799411872,0.5309449615583298,-0.5295442847190055,0.7408234915847319,-0.6123928815982332,-0.5309449615583298,0.5295442847190054,-0.740823491584732,0.6123928815982334,-0.20602120290208142,-0.10914745024425408,-0.46088527589006856,0.5409615675590156,0.3002086249961646,0.1343311231491481,-0.11916247431738576,-0.009129961076743024,0.3831849079070514,0.21083566219575064,0.4014865514622385,0.3900153723512821
26,Co,-0.6509883399043566,-0.690324650654164,-0.4225269039367507,0.0911862754033841,-0.2142418043416204,0.5909368402852787,-0.5365433699886598,-0.1912730139190015,0.10647207903661894,0.5060571560765953,-0.16926797349715778,-0.7699890559974185,-0.31608161063151635,-0.29978972922783165,-0.18870886633567022,-0.9087997329126578,0.22727896580163282,0.11979161842564592,-0.8384747749854573,0.13327306626959656,0.13416467974344795,1.3806913903940732,1.3930688899925632,0.5056498968474316,0.5309449615583298,-0.5295442847190055,0.9947347689424021,-0.6123928815982332,-0.5309449615583298,0.5295442847190054,-0.9947347689424023,0.6123928815982334,-0.20602120290208142,-0.11506424442203572,-0.5364472018911579,0.4982272672173388,0.37465508267592157,0.31805070112782646,-0.13132921343687862,0.15313782211324223,0.5097128589897322,0.4505705973477208,0.4350943874386077,0.4396897226732293
27,Ni,-0.610686803930671,-0.694073845990704,-0.4225269039367507,0.2673415801599216,-0.2142418043416204,0.5909368402852787,-0.5365433699886598,-0.1912730139190015,0.20892634376996927,0.5060571560765953,-0.2219061847676152,-0.7424238153292532,-0.46370214306931246,-0.16546117369611973,-0.18870886633567022,-0.5186921503401213,0.2692761660041086,0.17787240311686806,-0.7956960798535039,0.19284045722477441,0.18504131493502954,1.3806913903940732,1.7174821931415163,-0.06741998624632423,0.5309449615583298,-0.5295442847190055,1.2486460463000724,-0.6123928815982332,-0.5309449615583298,0.5295442847190054,-1.2486460463000726,0.6123928815982334,-0.20602120290208142,-0.1831073774665245,-0.595217588780894,0.4533562518585781,0.2878008820495384,0.31805070112782646,-0.11916247431738576,0.24004274365432202,0.48102064703417985,0.3379678247763409,0.4590999845645856,0.4622689728195694
28,Cu,-0.5703852679569854,-0.6182050165908122,-0.4225269039367507,0.4434968849164591,-0.2142418043416204,0.5909368402852787,-0.5365433699886598,-0.1912730139190015,0.31138060850331956,0.5060571560765953,-0.29209046646155845,-0.7424238153292532,0.03820766721919359,-0.2829986597863676,-0.18870886633567022,-0.49431042642933765,0.25527709926995,-0.8095009366339074,-0.7512902196306419,0.2404943699889165,0.14688383854134343,1.19783930908902,2.0418954962904694,-0.64048986934008,-1.1405484359401161,-0.5295442847190055,1.756468601015413,-0.6123928815982332,1.1405484359401161,0.5295442847190054,-1.7564686010154131,0.6123928815982334,-0.8098764527874922,-0.15944020075539797,-0.6036133583365706,0.0580639736980675,0.18667777703453522,0.3286499075496734,-0.15566269167586427,-0.060050813542219555,0.15129539161053968,4.095025924657975,0.017396997446591095,0.03326322003911372
29,Zn,-0.5300837319832998,-0.5893746738027399,-0.4225269039367507,0.6196521896729966,-0.2142418043416204,0.5909368402852787,-0.5365433699886598,-0.1912730139190015,0.4821377163922368,0.5060571560765953,-0.3447286777320159,-0.3565104459749385,-0.16846107819372028,-0.41732721531807954,-0.18870886633567022,-0.42116525469698696,-0.09469956908401453,-0.2867738744129088,-0.7052047051203904,0.22262415270236308,-0.1838142902039384,0.6600390699565105,2.3663087994394227,-1.2135597524338357,0.5309449615583298,-0.5295442847190055,1.756468601015413,-0.6123928815982332,-0.5309449615583298,0.5295442847190054,-1.7564686010154131,0.6123928815982334,-0.20602120290208142,0.31686173055602357,-0.6288006670036004,-0.6506843974686427,-0.8437852746827675,0.00537411168334495,-0.14957932211611785,-0.4489503374385524,-0.7188782496644028,0.644295797470525,-0.9764347235688966,-0.9331286862242284
30,Ga,-0.48978219600961426,-0.5216296221212227,-0.4225269039367507,0.795807494429534,0.27793531374048025,0.5909368402852787,-0.5365433699886598,-0.1912730139190015,0.652894824281154,-0.5430857284724436,-0.4500051002729303,-0.5219018899839305,-0.31608161063151635,-0.5726446076516212,-0.3039405735090327,-0.37240180687541985,0.12928549866252298,0.09075122608003484,-0.48700711534918795,-0.521968234237356,0.027323745841126047,0.12223883082400078,-0.5534109289011553,-0.06741998624632423,0.5309449615583298,0.15244456681304702,-0.7826441725612894,-0.6123928815982332,-0.5309449615583298,-0.1524445668130471,0.7826441725612894,0.6123928815982334,0.3978340469833294,-0.6505341175112735,-0.4860725845570984,-1.0671301542982834,0.08493428487220069,-0.21190961996451496,-0.16174606123561072,-0.5665435593988262,-0.04437608664371777,-0.26863420810818983,-0.2322612126635797,-0.2738145819511072
31,Ge,-0.4494806600359287,-0.4764923121270984,-0.4225269039367507,0.9719627991860715,0.7701124318225809,-1.6922282244532982,-0.5365433699886598,5.228129047119375,0.8236519321700712,-0.5430857284724436,-0.6430118749312742,-1.0732067033472372,-0.43417803658175325,-0.685984326381503,-0.4191722806823952,-0.9331814568234413,0.40926683334569425,0.5118369150913951,-0.23852325920849235,0.31197523913512903,0.33003972523103786,0.42340696473820616,-0.22899762575220223,0.5056498968474316,0.5309449615583298,0.8344334183450997,-0.7826441725612894,-0.6123928815982332,-0.5309449615583298,-0.8344334183450997,0.7826441725612894,0.6123928815982334,1.0016892968687403,-0.10914745024425408,-0.6539879756706302,-0.08680530446021709,0.34983959678266924,-0.314368615375701,-0.1921629090343428,1.5619480736580929,0.29522681551871915,-0.03495318546005727,0.20464065502921922,0.19583382109275999
32,As,-0.4091791240622431,-0.44035135112629553,-0.4225269039367507,1.1481181039426092,0.7701124318225809,-1.6922282244532982,-0.5365433699886598,5.228129047119375,0.9944090400589883,-0.5430857284724436,-0.836018649589618,-1.0456414626790718,-0.5227503560444309,-0.8077195798321167,-0.6496356950291202,-0.4699287025185541,0.6472509678263906,0.9184024079299498,0.040404330891139685,0.7289469758213718,0.606045471145369,-0.11439327439430338,0.09541567739675086,1.0787197799411872,0.5309449615583298,1.5164222698771521,-0.7826441725612894,-0.6123928815982332,-0.5309449615583298,-1.5164222698771521,0.7826441725612894,0.6123928815982334,1.6055445467541511,0.43815601120054704,-0.8051118276728088,-0.22611912357408337,-1.0230771602615156,-0.2419407048264143,-0.18607953947459638,0.934603171283422,-1.0977095203037752,-0.15482065303604237,-0.15544330186045024,-0.20607683151208794
33,Se,-0.36887758808855753,-0.37721211868661053,-0.4225269039367507,1.3242734086991466,1.2622895499046816,-1.6922282244532982,1.8637822325921867,-0.1912730139190015,1.1651661479479056,-0.5430857284724436,-1.0290254242479615,-0.9629457406745758,-0.6113226755071086,-0.9168615312016327,-0.6496356950291202,-0.8600362850910906,1.1652164369902576,1.310447704595699,0.3495656981637836,1.0803945824569192,0.8896827123384381,-0.652193513526813,0.41982898054570394,1.651789663034943,0.5309449615583298,2.1984111214092046,-0.7826441725612894,-0.6123928815982332,-0.5309449615583298,-2.1984111214092046,0.7826441725612894,0.6123928815982334,2.2093997966395618,0.42040562866720216,-0.8470906754511918,-0.8671336286992358,-0.9808908342429866,-0.40799493876868137,-0.1921629090343428,-0.4915880645696447,-1.0838808148694599,-0.7539158344158143,-0.5155272587501197,-0.43186933297548563
34,Br,-0.32857605211487195,-0.3624529844176623,-0.4225269039367507,1.500428713455684,1.7544666679867822,-1.6922282244532982,1.8637822325921867,-0.1912730139190015,1.3700746774146062,-0.5430857284724436,-1.186940058059334,,-0.670370888482227,-0.9882235763278545,-0.6496356950291202,2.212060927667636,1.7391781730907596,1.7315333936070592,0.6891183101988827,2.093040228694937,1.2089335981656137,-1.727793991791832,0.7442422836946571,2.2248595461286986,0.5309449615583298,2.880399972941257,-0.7826441725612894,-0.6123928815982332,-0.5309449615583298,-2.880399972941257,0.7826441725612894,0.6123928815982334,2.8132550465249726,1.0091266493564748,-0.9058610623409278,-1.1066593821143345,-1.369377265901852,-0.7030061841767514,-0.09908735477022258,-0.5871834782648327,-1.1885932775833126,-0.7587347487688691,-1.0676559926476128,-0.991834736604712
35,Kr,-0.2882745161411864,-0.30154028620598655,-0.4225269039367507,1.6765840182122216,2.246643786068883,-1.6922282244532982,1.8637822325921867,-0.1912730139190015,1.5749832068813068,-0.5430857284724436,-1.2922164806002485,,-0.7884673144324632,-1.9956877428156927,-1.2718869137652768,,1.7951744400273941,,1.0590621669964375,,1.5663419603864763,-1.727793991791832,-1.5266508383480146,-1.7866296355275915,-2.812041833438562,-0.5295442847190055,-0.7826441725612894,-0.6123928815982332,2.812041833438562,0.5295442847190054,0.7826441725612894,0.6123928815982334,-1.413731702672903,1.633348435112437,-0.9562356796749872,-1.2666993368939141,-1.5001548765592916,-1.253504234245825,-0.23596316986451704,-0.8348625046569106,-1.218738914701859,-0.7600970001604828,-1.6053813682695193,-1.490384579835894
36,Rb,-0.2479729801675008,-0.275464773352436,0.26814207365216913,-1.3180561626489158,-1.6907731585879224,0.5909368402852787,-0.5365433699886598,-0.1912730139190015,-1.7377046861636867,-1.5922286130214824,1.8134379843567365,2.5102745835142564,2.1934674408110144,1.4464814926844212,2.1159252771315775,1.821953345095099,-1.2566221080191766,-1.2160664294724621,-1.0006663921115133,-1.0342477964518828,-1.3081879279378967,-1.1899937526593225,-1.2022375351990615,-1.2135597524338357,-1.1405484359401161,-0.5295442847190055,-0.7826441725612894,-0.6123928815982332,1.1405484359401161,0.5295442847190054,0.7826441725612894,0.6123928815982334,-0.8098764527874922,-1.1712120051560573,2.805069081268124,-1.0574081009705518,-0.9802704470956554,-0.9838851543556923,-0.1660044199274332,-0.7972489683024119,-0.9215299316140764,-0.05553648797310516,-1.1924850977026982,-1.1580180176817727
37,Sr,-0.20767144419381522,-0.24181582338037003,0.26814207365216913,-1.1419008578923784,-1.1985960405058218,0.5909368402852787,-0.5365433699886598,-0.1912730139190015,-1.601098999852553,-1.5922286130214824,1.0063187448763902,1.6281868821329657,1.63250941754739,0.6992789025392747,1.3093033269180407,0.9929747321284589,-1.0746342404751152,-0.7368999557698801,-0.9113297797009802,-1.2367769256994865,-0.9813055468319836,-0.652193513526813,-0.8778242320501084,-0.64048986934008,0.5309449615583298,-0.5295442847190055,-0.7826441725612894,-0.6123928815982332,-0.5309449615583298,0.5295442847190054,0.7826441725612894,0.6123928815982334,-0.20602120290208142,-0.7392860301779981,1.1511024787998363,-0.27740028398409555,-0.5472402182584023,-0.8054651795879374,-0.20432964815383567,-0.3825495458235709,-0.583883744234182,-0.3328056806488688,-0.817997782537442,-0.7660422351413142
38,Y,-0.16736990822012965,-0.22171197507557458,0.26814207365216913,-0.9657455531358409,-0.7064189224237211,0.5909368402852787,-0.5365433699886598,-0.1912730139190015,-1.4644933135414193,0.5060571560765953,0.8834962519119899,0.7185339400835097,0.7467862229206148,0.47259946507951106,0.9636082053979538,0.31028646262651954,-0.6966594386528334,-0.3303344629313254,-0.8874471953021595,-0.5279249733328739,-0.7816147537050248,-0.11439327439430338,-0.5534109289011553,-1.2135597524338357,0.5309449615583298,-0.5295442847190055,-0.5287328952036192,-0.6123928815982332,-0.5309449615583298,0.5295442847190054,0.5287328952036191,0.6123928815982334,-0.20602120290208142,-0.5884077786445664,0.7397097705716833,0.5281412774565125,0.6643758804796425,-0.46452403968519784,-0.20432964815383567,-0.17207668896626796,0.4462137013831823,-0.551957313287791,0.4254921485882165,0.4306580226146936
39,Zr,-0.12706837224644407,-0.1854684505993437,0.26814207365216913,-0.7895902483793034,-0.2142418043416204,0.5909368402852787,-0.5365433699886598,-0.1912730139190015,-0.3716478230523492,0.5060571560765953,0.778219829371075,0.1396638860520376,0.33344873209478576,0.3760508157910934,0.2722179623577793,-0.12858456776758442,-0.5426697045770889,0.09075122608003484,-0.8623573593842777,-0.25987171403457493,-0.5272315777471157,0.42340696473820616,-0.22899762575220223,-0.64048986934008,0.5309449615583298,-0.5295442847190055,-0.274821617845949,-0.6123928815982332,-0.5309449615583298,0.5295442847190054,0.2748216178459489,0.6123928815982334,-0.20602120290208142,-0.47007189508893377,0.3367128318992071,0.8796308977668044,1.3095785137042026,-0.10415102134240563,-0.2225797568330749,0.20134289578055983,1.4763111470005466,-0.485364275745577,1.3185003616745967,1.2796378281170688
40,Nb,-0.08676683627275848,-0.1591649841677832,0.26814207365216913,-0.6134349436227658,-0.2142418043416204,0.5909368402852787,-0.5365433699886598,-0.1912730139190015,-0.2691935583189989,0.5060571560765953,0.6378512659831886,-0.27381472397044243,0.008683560731635025,0.3214798401063352,0.04175454801105428,-0.3236383590538527,-0.1646949027548072,0.5699176997826169,-0.8360077827508537,-0.0454291065959359,-0.4127591485660568,0.9612072038707157,0.09541567739675086,-0.06741998624632423,-1.1405484359401161,-0.5295442847190055,0.23300093686939147,-0.6123928815982332,1.1405484359401161,0.5295442847190054,-0.2330009368693916,0.6123928815982334,-0.8098764527874922,-0.43457113002224396,0.1520059016743222,1.5377391230286275,1.53601982248013,0.25975506580766894,-0.22866312639282133,0.8463403603432625,1.9466752774194345,-0.11002170050764384,1.880231334422481,1.8757300319804389
41,Mo,-0.046465300299072906,-0.11173531795913232,0.26814207365216913,-0.4372796388662284,-0.2142418043416204,0.5909368402852787,-0.5365433699886598,-0.1912730139190015,-0.16673929358564857,0.5060571560765953,0.49748270259530214,-0.38407568664310376,0.24487641263210813,0.2878977012234076,0.04175454801105428,-0.2992566351430691,0.6192528343580734,0.4392359342273674,-0.8084509545983684,-0.10499649755111348,-0.336444195778684,1.3806913903940732,0.41982898054570394,0.5056498968474316,-1.1405484359401161,-0.5295442847190055,0.48691221422706166,-0.6123928815982332,1.1405484359401161,0.5295442847190054,-0.4869122142270618,0.6123928815982334,-0.8098764527874922,-0.3399024231777378,-0.0914714154402987,1.6969243918013737,1.45536949332706,0.5477001736011743,-0.23474649595256775,1.2265493920854875,1.5515694078675686,0.9106679476393809,1.5537552135091808,1.5370412797853423
42,Tc,-0.006163764325387328,-0.08097878307155303,0.26814207365216913,-0.2611243341096909,-0.2142418043416204,0.5909368402852787,-0.5365433699886598,-0.1912730139190015,-0.06428502885229825,0.5060571560765953,0.37466020963090185,-0.4667714086475998,0.5696415839952595,0.2291289581782834,-0.18870886633567022,-0.2992566351430691,0.25527709926995,0.7877206423747003,-0.779686874926822,-0.0454291065959359,-0.28556756058710214,1.3806913903940732,0.7442422836946571,1.0787197799411872,0.5309449615583298,-0.5295442847190055,0.48691221422706166,-0.6123928815982332,-0.5309449615583298,0.5295442847190054,-0.4869122142270618,0.6123928815982334,-0.20602120290208142,-0.2866512755777031,-0.20901218921977097,1.221505300500219,1.6197720873698567,0.7773496460745224,-0.2590799741915535,0.6833936324537377,1.8431951687272792,-0.14755595803143717,1.644976482587897,1.5505888298731458
43,Ru,0.03413777164829825,-0.03152942940012397,0.26814207365216913,-0.08496902935315338,-0.2142418043416204,0.5909368402852787,-0.5365433699886598,-0.1912730139190015,0.03816923588105207,0.5060571560765953,0.28692985751347283,-0.5219018899839305,-0.31608161063151635,0.19134905193498952,-0.3039405735090327,-0.2261114634107187,0.6752491012947078,0.482796522745784,-0.7496630545397334,0.2524078481799517,-0.24741008419341573,1.3806913903940732,1.06865558684361,1.0787197799411872,-1.1405484359401161,-0.5295442847190055,0.9947347689424021,-0.6123928815982332,1.1405484359401161,0.5295442847190054,-0.9947347689424023,0.6123928815982334,-0.8098764527874922,-0.2629840988665766,-0.3601360412219496,1.368938636679004,1.0136538444271685,0.9363377424022249,-0.24204653942426346,0.6833936324537377,1.537458483955002,0.6564036224782003,1.4817384221312468,1.5009144795511986
44,Rh,0.07443930762198384,-0.0028319813591764576,0.26814207365216913,0.0911862754033841,-0.2142418043416204,0.5909368402852787,-0.5365433699886598,-0.1912730139190015,0.14062350061440237,0.5060571560765953,0.19919950539604378,-0.5770323713202611,-0.05036465224348341,0.11998700680876768,-0.18870886633567022,-0.250493187321502,0.787241635167976,0.5118369150913951,-0.7184844718300643,0.13327306626959656,-0.2219717665976248,1.3806913903940732,1.3930688899925632,0.5056498968474316,-1.1405484359401161,-0.5295442847190055,1.2486460463000724,-0.6123928815982332,1.1405484359401161,0.5295442847190054,-1.2486460463000726,0.6123928815982334,-0.8098764527874922,-0.2334001279776684,-0.44409373677871544,1.0014236537405834,0.9063268679388526,0.9363377424022249,-0.2396131916003649,0.513657457568816,1.0576870709277364,1.055961847731484,1.0640410321392302,1.0538453266536711
45,Pd,0.11474084359566941,0.05211608790800384,0.26814207365216913,0.2673415801599216,-0.2142418043416204,0.5909368402852787,-0.5365433699886598,-0.1912730139190015,0.2430777653477527,0.5060571560765953,0.12901522370210056,-0.3013799646386078,-0.16846107819372028,0.061218263763643914,-0.07347715916230822,-0.3236383590538527,0.6752491012947078,0.6425186806466449,-0.6860461484048529,0.22262415270236308,-0.1838142902039384,1.3806913903940732,1.7174821931415163,-0.06741998624632423,-2.812041833438562,-0.5295442847190055,1.756468601015413,-0.6123928815982332,2.812041833438562,0.5295442847190054,-1.7564686010154131,0.6123928815982334,-1.413731702672903,0.015105227489160222,-0.7631329798944259,0.5612603602213121,0.5421596124553747,0.8656763662565793,-0.2408298655123142,0.24886902474833814,0.417991853558049,0.10912993213127836,0.2094417744544148,0.21389722120983182
46,Ag,0.155042379569355,0.07475822588288805,0.26814207365216913,0.4434968849164591,-0.2142418043416204,0.5909368402852787,-0.5365433699886598,-0.1912730139190015,0.345532030081103,-1.5922286130214824,0.05883094200815733,-0.2462494833022771,0.48106926453258186,-0.001748246641846131,0.3874496695311418,0.9198295603961082,0.2972742994724258,-0.824021132806713,-0.6523480842640997,0.21666741360684544,0.17232215613713436,1.19783930908902,2.0418954962904694,-0.64048986934008,-1.1405484359401161,-0.5295442847190055,1.756468601015413,-0.6123928815982332,1.1405484359401161,0.5295442847190054,-1.7564686010154131,0.6123928815982334,-0.8098764527874922,-0.2008577599998694,-0.5028641236684516,-0.0712072848355049,-0.03355966026807916,0.6006962057104085,-0.2438715502921874,-0.1788661359616648,-0.08256965403373134,4.434045024872883,-0.2418634515139709,-0.2105926815413558
47,Cd,0.19534391554304056,0.1457834326169745,0.26814207365216913,0.6196521896729966,-0.2142418043416204,0.5909368402852787,-0.5365433699886598,-0.1912730139190015,0.5162891379700202,-1.5922286130214824,-0.011353339685785507,0.11209864538387226,0.33344873209478576,-0.13607680217355803,0.2722179623577793,0.017705775697116993,-0.03870330214738015,-0.34485465910413093,-0.617442768604285,0.15114328355614998,-0.27284840178920666,0.6600390699565105,2.3663087994394227,-1.2135597524338357,0.5309449615583298,-0.5295442847190055,1.756468601015413,-0.6123928815982332,-0.5309449615583298,0.5295442847190054,-1.7564686010154131,0.6123928815982334,-0.20602120290208142,0.2044426411781725,-0.5616345105581877,-0.7561312835617303,-0.931259862456482,0.273887341036798,-0.24691323507206062,-0.525671088486537,-0.792866527379294,0.41182555732315995,-1.0676559926476128,-1.0189298367803195
48,In,0.23564545151672614,0.1834160980675657,0.26814207365216913,0.795807494429534,0.27793531374048025,0.5909368402852787,-0.5365433699886598,-0.1912730139190015,0.6870462458589374,-0.5430857284724436,-0.09908369180321454,0.05696816404754159,0.2153523061445489,-0.27460312506563583,0.2722179623577793,0.06646922351868385,0.0872882984600472,-0.01089014712960391,-0.4521017996893735,-0.5815356251925335,-0.09986784213782861,0.12223883082400078,-0.5534109289011553,-0.06741998624632423,0.5309449615583298,0.15244456681304702,1.756468601015413,-0.6123928815982332,-0.5309449615583298,-0.1524445668130471,-1.7564686010154131,0.6123928815982334,-0.20602120290208142,-0.7126604563779807,-0.35174027166627303,-0.9316624222151678,-0.11545076371581182,0.03717173094888539,-0.24691323507206062,-0.7245339909817113,-0.1723151301176552,0.2277866172064959,-0.4387093479469902,-0.4047742327998779
49,Sn,0.27594698749041174,0.244266257574712,0.26814207365216913,0.9719627991860715,0.27793531374048025,0.5909368402852787,-0.5365433699886598,-0.1912730139190015,0.8578033537478547,-0.5430857284724436,-0.29209046646155845,0.05696816404754159,0.12677998668187124,-0.41732721531807954,0.04175454801105428,-0.5430738742509048,0.33927149967490156,0.3521147571905342,-0.263718073519336,0.13327306626959656,0.11381402566681521,0.42340696473820616,-0.22899762575220223,0.5056498968474316,0.5309449615583298,0.8344334183450997,1.756468601015413,-0.6123928815982332,-0.5309449615583298,-0.8344334183450997,-1.7564686010154131,0.6123928815982334,-0.20602120290208142,-0.2659424959554674,-0.5196556627798047,-0.851108266071107,0.0024227942771367092,0.03717173094888539,-0.24873824593998453,-0.4688434171350652,0.13012900574168973,0.04616924209136695,-0.15544330186045024,-0.1247915309852647
50,Sb,0.3162485234640973,0.2919520197784111,0.26814207365216913,1.1481181039426092,0.7701124318225809,-1.6922282244532982,1.8637822325921867,-0.1912730139190015,1.0285604616367718,-0.5430857284724436,-0.5026433115433877,0.05696816404754159,0.03820766721919359,-0.5138758646064974,0.04175454801105428,-0.031057672124450143,0.4652631002823286,0.7296398576834782,-0.05234407929065372,0.46089371652307287,0.3173205664331424,-0.11439327439430338,0.09541567739675086,1.0787197799411872,0.5309449615583298,1.5164222698771521,1.756468601015413,-0.6123928815982332,-0.5309449615583298,-1.5164222698771521,-1.7564686010154131,0.6123928815982334,-0.20602120290208142,0.10385714015588472,-0.6120091278922473,-0.42483362016288073,-0.1961010928688819,-0.07235340207686504,-0.2590799741915535,0.40298947154384707,-0.8983692018322504,-0.46599175573329665,-0.34748807886827393,-0.30090968212671493
51,Te,0.3565500594377829,0.3832585283913952,0.26814207365216913,1.3242734086991466,0.7701124318225809,-1.6922282244532982,1.8637822325921867,-0.1912730139190015,1.199317569525689,-0.5430857284724436,-0.6781040157782458,-0.3565104459749385,-0.05036465224348341,-0.5936334444534512,-0.07347715916230822,0.4809585300020045,0.5352584339531219,1.0781245658308103,0.18202018299667302,0.8421250186362094,0.5386339295165232,-0.652193513526813,0.41982898054570394,1.651789663034943,0.5309449615583298,2.1984111214092046,1.756468601015413,-0.6123928815982332,-0.5309449615583298,-2.1984111214092046,-1.7564686010154131,0.6123928815982334,-0.20602120290208142,0.20740103826706333,-0.7043625930046896,-0.6187405079632393,-0.7917968317364039,-0.15184745024071628,-0.26516334375129985,0.24140063305340137,-1.0140317415022548,-0.7317585146517687,-0.6595608415059875,-0.5537972837657203
52,I,0.39685159541146847,0.3723841421010545,0.26814207365216913,1.500428713455684,1.7544666679867822,-1.6922282244532982,1.8637822325921867,-0.1912730139190015,1.4042260989923896,-0.5430857284724436,-0.8184725791661323,,-0.10941286521860184,-0.664995489579673,-0.07347715916230822,2.7972223015264412,1.3192061710660026,1.62989202039742,0.439269734949683,1.5986308837669636,0.794289021354222,-1.727793991791832,0.7442422836946571,2.2248595461286986,0.5309449615583298,2.880399972941257,1.756468601015413,-0.6123928815982332,-0.5309449615583298,-2.880399972941257,-1.7564686010154131,0.6123928815982334,2.8132550465249726,0.6186182336228868,-0.7463414407830726,-0.9777086308333246,-1.291704795055972,-0.3832634571177055,-0.2566466263676549,-0.4148673135216601,-1.1635981276928529,-0.7547754899913593,-1.0916615897735908,-1.0415090869266592
53,Xe,0.43715313138515405,0.4409504833198047,0.26814207365216913,1.6765840182122216,2.246643786068883,-1.6922282244532982,1.8637822325921867,-0.1912730139190015,1.6091346284590902,-0.5430857284724436,-0.9412950721305325,,-0.1979851846812795,-1.9956877428156927,-0.8109600850718272,-0.7137459416263895,1.235211770661051,-2.3776821232969043,0.7197195117472616,,1.0779262625472903,-1.727793991791832,-1.5266508383480146,-1.7866296355275915,-2.812041833438562,-0.5295442847190055,-0.7826441725612894,-0.6123928815982332,2.812041833438562,0.5295442847190054,0.7826441725612894,0.6123928815982334,-1.413731702672903,1.0978785620231992,-0.8302991363398384,-1.2184095775078194,-1.4722994936441156,-1.253124429349042,-0.29071349590223483,-0.7901200489572452,-1.2017728805176497,-0.7601430098955119,-1.6053813682695193,-1.4705148397071148
54,Cs,0.4774546673588396,0.4662072081843036,0.958811051241089,-1.3180561626489158,-1.6907731585879224,0.5909368402852787,-0.5365433699886598,-0.1912730139190015,-1.7035532645859033,-1.5922286130214824,2.3924583083317676,3.0615793968775633,2.6068049316368436,1.6227877218197928,2.6920838129983897,2.187679203756853,-1.2986193082216524,-1.2596270179908788,-0.34770078788881503,-1.1295556219801668,-1.3679679742880053,-1.1899937526593225,-1.2022375351990615,-1.2135597524338357,-1.1405484359401161,-0.5295442847190055,-0.7826441725612894,-0.6123928815982332,1.1405484359401161,0.5295442847190054,0.7826441725612894,0.6123928815982334,-0.8098764527874922,-1.2510887265561095,3.8377487366163443,-1.068625854810242,-0.9908170286002875,-0.9238229846318937,-0.2408298655123142,-0.8040384152978087,-0.9425834300916258,-0.3255409856442636,-1.2260929336790674,-1.1796940978222585
55,Ba,0.5177562033325251,0.5353370231308641,0.958811051241089,-1.1419008578923784,-1.1985960405058218,0.5909368402852787,-0.5365433699886598,-0.1912730139190015,-1.5669475782747695,-1.5922286130214824,1.6028851392749068,1.9314045294827844,1.8096540564727455,0.8604731691773286,1.6549984484381277,1.407464038611779,-1.1586286408800666,-0.8095009366339074,-0.3281223176014302,-0.9985073618787763,-1.0856026489747264,-0.652193513526813,-0.8778242320501084,-0.64048986934008,0.5309449615583298,-0.5295442847190055,-0.7826441725612894,-0.6123928815982332,-0.5309449615583298,0.5295442847190054,0.7826441725612894,0.6123928815982334,-0.20602120290208142,-0.8753722962669757,2.1669905950367037,-0.3244080143599402,-0.3884211085415874,-0.6358778768383881,-0.2627299959274013,-0.4198915042982538,-0.5932910268425597,-0.5374279232785807,-0.7411798717343125,-0.684756934614491
56,La,0.5580577393062107,0.5600163594057946,0.958811051241089,-0.9657455531358409,-0.7064189224237211,0.5909368402852787,-0.5365433699886598,-0.1912730139190015,-1.430341891963636,0.5060571560765953,0.5852130547127312,0.9390558654288323,0.9534549683335287,0.590136951169759,1.1940716197446781,1.090501627771593,-0.8646482394627363,-0.41745563996815827,-0.30350488445187673,-0.5815356251925335,-0.8197722300987111,-0.11439327439430338,-0.5534109289011553,-1.2135597524338357,0.5309449615583298,-0.5295442847190055,-0.5287328952036192,-0.6123928815982332,-0.5309449615583298,0.5295442847190054,0.5287328952036191,0.6123928815982334,-0.20602120290208142,-0.7718283981557971,1.444954413248517,-0.11607830019426556,0.7369611767174055,-0.16774625987348651,-0.2712467133110463,-0.5251279327269053,0.686099407896815,-0.5967562658161895,0.4254921485882165,0.475816522907373
57,Ce,0.5983592752798963,0.5789265001878847,0.958811051241089,-0.9657455531358409,-0.7064189224237211,0.5909368402852787,-0.5365433699886598,-0.1912730139190015,-1.362039048808069,1.555200040625634,0.4097523504778735,0.8012296620880056,0.8353585423832919,1.782302881513701,0.9636082053979538,0.5784854256451383,-0.836650105994419,-0.7804605442882964,-0.2737959992436733,-0.5815356251925335,-0.8197722300987111,-0.006833226567801388,-0.5534109289011553,-0.06741998624632423,0.5309449615583298,-0.5295442847190055,-0.5287328952036192,-0.4310221675360387,-0.5309449615583298,0.5295442847190054,0.5287328952036191,0.43102216753603884,-0.20602120290208142,-0.7836619865113603,1.3190178699133681,-0.24641791623637987,0.6147449086931378,-0.0776530052877885,-0.2712467133110463,-0.5753698404928422,0.686099407896815,-0.6221826983323075,0.4062876708874341,0.4080787724683539
58,Pr,0.638660811253582,0.5913193262241998,0.958811051241089,-0.9657455531358409,-0.7064189224237211,0.5909368402852787,-0.5365433699886598,-0.1912730139190015,-1.2937362056525021,1.555200040625634,1.4976087167339929,0.828794902756171,0.8353585423832919,1.7655118120722373,0.9636082053979538,0.9929747321284589,-0.8226510392602607,-0.7804605442882964,-0.23910064036978257,-0.5815356251925335,-0.8197722300987111,-0.06061325048105239,-0.5534109289011553,-0.06741998624632423,0.5309449615583298,-0.5295442847190055,-0.7826441725612894,-0.06828073941164971,-0.5309449615583298,0.5295442847190054,0.7826441725612894,0.06828073941164978,-0.20602120290208142,-0.804370766133596,1.2014770961338956,-0.10432636760030443,0.46585199333362387,-0.05822112684773608,-0.2712467133110463,-0.4782807484586669,0.1348326470458786,-0.6088640908238647,0.10381714710011176,0.12809607065374073
59,Nd,0.6789623472272676,0.6434195392338711,0.958811051241089,-0.9657455531358409,-0.7064189224237211,0.5909368402852787,-0.5365433699886598,-0.1912730139190015,-1.2254333624969351,1.555200040625634,0.778219829371075,0.8012296620880056,1.396316565646917,1.3541306107563698,0.9636082053979538,0.9442112843068917,-0.8086519725261022,-0.6352585825602414,-0.1993663186337227,-0.5815356251925335,-0.8197722300987111,-0.06061325048105239,-0.5534109289011553,-0.06741998624632423,0.5309449615583298,-0.5295442847190055,-0.7826441725612894,0.11308997465054482,-0.5309449615583298,0.5295442847190054,0.7826441725612894,-0.11308997465054474,-0.20602120290208142,-0.7866203836002511,1.4701417219155466,-0.013515979374241182,0.5340945795400678,-0.017590835563989826,-0.2712467133110463,-0.46130713097017473,0.022885984006183243,-0.5604327907931637,-0.03061419680536483,-0.007379430224297999
60,Pm,0.7192638832009531,0.6539369858681097,0.958811051241089,-0.9657455531358409,-0.7064189224237211,0.5909368402852787,-0.5365433699886598,-0.1912730139190015,-1.1571305193413683,1.555200040625634,0.7606737589475888,0.8839253840925017,0.7763103294081733,1.3541306107563698,0.9636082053979538,0.8954478364853247,-0.8226510392602607,-0.707859563424269,-0.1545405448390134,-0.5815356251925335,-0.8197722300987111,-0.11439327439430338,-0.5534109289011553,-0.06741998624632423,0.5309449615583298,-0.5295442847190055,-0.7826441725612894,0.29446068871273934,-0.5309449615583298,0.5295442847190054,0.7826441725612894,-0.2944606887127393,-0.20602120290208142,-0.7807035894224695,1.3609967176917512,0.014261315847848753,0.4553054118289916,0.028339058930679728,-0.2773300828707927,-0.41106522320423783,-0.25462885294096055,-0.5785945283046766,-0.16024442128564584,-1.5427684401754023
61,Sm,0.7595654191746387,0.7391037571639163,0.958811051241089,-0.9657455531358409,-0.7064189224237211,0.5909368402852787,-0.5365433699886598,-0.1912730139190015,-1.0888276761858013,1.555200040625634,1.33969408292262,0.8839253840925017,0.7467862229206148,1.4800636315673492,0.9636082053979538,0.4565768060912209,-0.7666547723236264,-0.6352585825602414,-0.10472829737861623,-0.5815356251925335,-0.8197722300987111,-0.22195332222080538,-0.5534109289011553,-0.06741998624632423,0.5309449615583298,-0.5295442847190055,-0.7826441725612894,0.47583140277493385,-0.5309449615583298,0.5295442847190054,0.7826441725612894,-0.4758314027749338,-0.20602120290208142,-0.7511196185335614,1.2518517134679552,0.04844875612119021,-0.29288148785256596,0.07426895342534928,-0.26516334375129985,-0.36014437073876127,-0.47852217902035116,-0.5991778308177246,-0.6115496472540315,-0.5763765339120601
62,Eu,0.7998669551483243,0.7641974123563544,0.958811051241089,-0.9657455531358409,-0.7064189224237211,0.5909368402852787,-0.5365433699886598,-0.1912730139190015,-1.0205248330302346,1.555200040625634,1.2168715899582199,1.1871430314423204,1.4258406721344763,1.3121529371527096,0.9636082053979538,0.9685930082176754,-0.7246575721211507,-0.707859563424269,-0.04982459785956963,-0.5815356251925335,-0.8197722300987111,-0.652193513526813,-0.5534109289011553,-0.06741998624632423,0.5309449615583298,-0.5295442847190055,-0.7826441725612894,0.6572021168371284,-0.5309449615583298,0.5295442847190054,0.7826441725612894,-0.6572021168371283,-0.20602120290208142,-0.7452028243557797,1.1594982483555127,-0.22077733603137378,-0.45728408189536257,-0.3285008906048301,-0.2773300828707927,-0.3207655781654594,-0.5862355648862765,-0.5919131358131194,-0.7507821105847037,-0.7028203347315628
63,Gd,0.8401684911220099,0.8468266757158787,0.958811051241089,-0.9657455531358409,-0.7064189224237211,0.5909368402852787,-0.5365433699886598,-0.1912730139190015,-0.9522219898746677,1.555200040625634,1.2519637308051914,0.6358382180790136,0.7172621164330556,1.2869663329905139,0.8483764982245913,0.4078133582696538,-0.7246575721211507,-0.7804605442882964,0.01006557532516528,-0.5815356251925335,-0.8197722300987111,-0.11439327439430338,-0.5534109289011553,-0.06741998624632423,0.5309449615583298,-0.5295442847190055,-0.5287328952036192,0.6572021168371284,-0.5309449615583298,0.5295442847190054,0.5287328952036191,-0.6572021168371283,-0.20602120290208142,-0.6091165582668021,0.8068759270170961,0.3037862006627092,0.6246711030504387,0.14139726076371267,-0.24691323507206062,-0.26373422340412567,0.4292805926881022,-0.6318689583384477,0.3054641629583267,0.32679347194153047
64,Tb,0.8804700270956954,0.8730200740274667,0.958811051241089,-0.9657455531358409,-0.7064189224237211,0.5909368402852787,-0.5365433699886598,-0.1912730139190015,-0.8839191467191008,1.555200040625634,1.111595167417305,0.6358382180790136,0.6582139034579372,1.27017526354905,0.7331447910512288,0.651630597377489,-0.7246575721211507,-0.6352585825602414,0.07504720056854917,-0.5815356251925335,-0.8197722300987111,-0.11439327439430338,-0.5534109289011553,-0.06741998624632423,0.5309449615583298,-0.5295442847190055,-0.7826441725612894,1.0199435449615173,-0.5309449615583298,0.5295442847190054,0.7826441725612894,-1.0199435449615173,-0.20602120290208142,-0.6801180884001817,0.9747913181306278,0.3593407911068891,0.5979944557151925,0.19969289608387025,-0.2773300828707927,-0.21281337093864916,0.29522681551871915,-0.6258150458346101,0.2622540881315663,0.28615082167811895
65,Dy,0.920771563069381,0.9289087254107703,0.958811051241089,-0.9657455531358409,-0.7064189224237211,0.5909368402852787,-0.5365433699886598,-0.1912730139190015,-0.8156163035635339,1.555200040625634,1.164233378687762,0.6082729774108483,0.6582139034579372,1.085473499692946,0.7331447910512288,0.3346681865373031,-0.6966594386528334,-0.707859563424269,0.14506778867410264,-0.5815356251925335,-0.8197722300987111,-0.11439327439430338,-0.5534109289011553,-0.06741998624632423,0.5309449615583298,-0.5295442847190055,-0.7826441725612894,1.2013142590237118,-0.5309449615583298,0.5295442847190054,0.7826441725612894,-1.2013142590237118,-0.20602120290208142,-0.6682845000446185,0.890833622573862,0.4095535940083594,0.18667777703453522,0.2562219970003867,-0.2834134524305391,-0.1951608087506173,-0.17890022794351965,-0.6306581758376801,-0.20825561553760175,-0.16995003127794428
66,Ho,0.9610730990430666,0.9669059915087681,0.958811051241089,-0.9657455531358409,-0.7064189224237211,0.5909368402852787,-0.5365433699886598,-0.1912730139190015,-0.7473134604079671,1.555200040625634,1.1291412378407903,0.663403458747179,0.628689796970378,1.0686824302514821,0.7331447910512288,0.31028646262651954,-0.6826603719186748,-0.6352585825602414,0.2200748504453435,-0.5815356251925335,-0.8197722300987111,-0.11439327439430338,-0.5534109289011553,-0.06741998624632423,0.5309449615583298,-0.5295442847190055,-0.7826441725612894,1.3826849730859063,-0.5309449615583298,0.5295442847190054,0.7826441725612894,-1.3826849730859063,-0.20602120290208142,-0.644617323333492,0.8152716965727728,0.47579175953795844,0.2691892676295992,0.3003853570914152,-0.28949682199028554,-0.11776111300309305,-0.12763053772786084,-0.5640651382954662,-0.16024442128564584,-0.1247915309852647
67,Er,1.001374635016752,1.0033297838008053,0.958811051241089,-0.9657455531358409,-0.7064189224237211,0.5909368402852787,-0.5365433699886598,-0.1912730139190015,-0.6790106172524002,1.555200040625634,1.1291412378407903,0.6082729774108483,0.5991656904828188,1.051891360810018,0.7331447910512288,0.28590473871573596,-0.6686613051845163,-0.6352585825602414,0.3001733642752338,-0.5815356251925335,-0.8197722300987111,-0.11439327439430338,-0.5534109289011553,-0.06741998624632423,0.5309449615583298,-0.5295442847190055,-0.7826441725612894,1.5640556871481008,-0.5309449615583298,0.5295442847190054,0.7826441725612894,-1.5640556871481008,-0.20602120290208142,-0.6209501466223654,0.7397097705716833,0.5345514225077641,0.37341430838125894,0.34808178598972583,-0.2834134524305391,0.40502630564246594,-0.03355771164408329,-0.5870700058100493,-0.08342651048251636,-0.057053780546245436
68,Tm,1.0416761709904376,1.0295055149283645,0.958811051241089,-0.9657455531358409,-0.7064189224237211,0.5909368402852787,-0.5365433699886598,-0.1912730139190015,-0.6107077740968333,1.555200040625634,1.058956956146848,0.6082729774108483,0.5696415839952595,1.0267047566478222,0.7331447910512288,0.2615230148049524,-0.6546622384503576,-0.6352585825602414,0.3853108409672932,-0.5815356251925335,-0.8197722300987111,-0.11439327439430338,-0.5534109289011553,-0.06741998624632423,0.5309449615583298,-0.5295442847190055,-0.7826441725612894,1.7454264012102954,-0.5309449615583298,0.5295442847190054,0.7826441725612894,-1.7454264012102954,-0.20602120290208142,-0.5972829699112389,0.6641478445705942,0.5516451426444348,-0.1961010928688819,0.3922451460807543,-0.28949682199028554,0.1972692275833218,-0.3628126029373048,-0.5568004432908612,-0.49152166162414174,-0.44993273309255744
69,Yb,1.0819777069641232,1.0936982118458478,0.958811051241089,-0.9657455531358409,-0.7064189224237211,0.5909368402852787,-0.5365433699886598,-0.1912730139190015,-0.5424049309412664,1.555200040625634,1.058956956146848,1.0217515874333283,0.5696415839952595,1.0183092219270902,0.7331447910512288,0.5297219778235711,-0.8646482394627363,-0.7804605442882964,0.4754872805215208,-0.5815356251925335,-0.8197722300987111,-0.652193513526813,-0.5534109289011553,-0.06741998624632423,0.5309449615583298,-0.5295442847190055,-0.7826441725612894,1.9267971152724899,-0.5309449615583298,0.5295442847190054,0.7826441725612894,-1.9267971152724899,-0.20602120290208142,-0.5795325873778939,0.5969816881251814,-0.22398240855699952,-0.6638730019566882,-0.022890438774913285,-0.29558019155003196,-0.42600200659411097,-0.654908727927434,-0.33764881065193886,-0.8756112156397892,-0.8202324354925296
70,Lu,1.1222792429378088,1.1238262327529065,0.958811051241089,-0.9657455531358409,-0.7064189224237211,0.5909368402852787,-0.5365433699886598,-0.1912730139190015,-0.4741020877856995,0.5060571560765953,0.9712266040294185,0.6082729774108483,0.6877380099454964,0.8336074580709866,0.7331447910512288,0.21275956698338527,-0.6266641049820405,-0.6352585825602414,0.5707551721343987,-0.5815356251925335,-0.8197722300987111,-0.11439327439430338,-0.5534109289011553,-0.06741998624632423,0.5309449615583298,-0.5295442847190055,-0.5287328952036192,1.9267971152724899,-0.5309449615583298,0.5295442847190054,0.5287328952036191,-1.9267971152724899,-0.20602120290208142,-0.8132459574002685,0.6725436141262706,0.6777113286523815,0.7047010450561775,0.4841049350700934,-0.29558019155003196,0.31676349470230686,0.41281784812344113,-0.5616435732939312,0.44469662628899886,0.45775312279030117
71,Hf,1.1625807789114944,1.1789071967672118,0.958811051241089,-0.7895902483793034,-0.2142418043416204,0.5909368402852787,-0.5365433699886598,-0.1912730139190015,-0.3374964014745658,0.5060571560765953,0.8133119702180467,0.1396638860520376,0.39249694506990424,0.44741286091731525,0.2722179623577793,-0.15296629167836798,-0.5846669047795647,0.13431181459845146,0.6694348615185363,-0.16456388850629106,-0.7307381185134432,0.42340696473820616,-0.22899762575220223,-0.64048986934008,0.5309449615583298,-0.5295442847190055,-0.274821617845949,1.9267971152724899,-0.5309449615583298,0.5295442847190054,0.2748216178459489,-1.9267971152724899,-0.20602120290208142,-0.41386235040000824,0.19398474945270516,1.2802649634700247,1.4479248475590842,1.0953258387299274,-0.3016635611097784,0.6874673006509758,1.4433856578712245,-0.4817319282432745,1.3665115559265526,1.3654389786731602
72,Ta,1.20288231488518,1.21733566723294,0.958811051241089,-0.6134349436227658,-0.2142418043416204,0.5909368402852787,-0.5365433699886598,-0.1912730139190015,-0.23504213674121543,0.5060571560765953,0.6729434068301602,-0.21868424263411176,0.03820766721919359,0.3466664442685313,0.04175454801105428,-0.3236383590538527,-0.30468557009639313,0.4392359342273674,0.7761978871607365,0.020095023454759567,-0.5017932601513247,0.9612072038707157,0.09541567739675086,-0.06741998624632423,0.5309449615583298,-0.5295442847190055,-0.020910340488278764,1.9267971152724899,-0.5309449615583298,0.5295442847190054,0.020910340488278653,-1.9267971152724899,-0.20602120290208142,-0.11210584733314491,-0.06628410677326903,2.1018318875387614,1.9597442441074135,1.678282191931503,-0.3016635611097784,1.1993916041039,2.233597396974956,-0.06401196547847789,2.149094022233434,2.11507008353164
73,W,1.2431838508588655,1.2625527140753394,0.958811051241089,-0.4372796388662284,-0.2142418043416204,0.5909368402852787,-0.5365433699886598,-0.1912730139190015,-0.13258787200786512,0.5060571560765953,0.5501209138657596,-0.49433664931576515,0.27440051911966734,0.3004910033045053,-0.18870886633567022,-0.42116525469698696,0.8992341690412446,0.22143299163528468,0.8865826673601198,0.19284045722477441,-0.336444195778684,1.3806913903940732,0.41982898054570394,0.5056498968474316,0.5309449615583298,-0.5295442847190055,0.23300093686939147,1.9267971152724899,-0.5309449615583298,0.5295442847190054,-0.2330009368693916,-1.9267971152724899,-0.20602120290208142,-0.08548027353312755,-0.23419949788680078,2.544131896075117,2.105535223730271,2.15524648091461,-0.3077469306695248,1.4573905899289812,2.614592342614255,1.3465496479156904,2.4707690237215387,2.476338085873077
74,Re,1.283485386832551,1.2995599924806363,0.958811051241089,-0.2611243341096909,-0.2142418043416204,0.5909368402852787,-0.5365433699886598,-0.1912730139190015,-0.030133607274514813,0.5060571560765953,0.46239056174833054,-0.43920616797943446,0.6582139034579372,0.2543155623404796,-0.18870886633567022,-0.34802008296463627,0.25527709926995,0.6134782883010338,1.0020064104216724,-0.033515628404900646,-0.17109513140604293,1.3806913903940732,0.7442422836946571,1.0787197799411872,0.5309449615583298,-0.5295442847190055,0.48691221422706166,1.9267971152724899,-0.5309449615583298,0.5295442847190054,-0.4869122142270618,-1.9267971152724899,-0.20602120290208142,-0.11506424442203572,-0.35174027166627303,2.2984096691104754,2.0683119948903923,2.4555573295336033,-0.3077469306695248,1.3080227560302502,2.1018954404576675,-0.18024708555216043,2.0914805891310873,2.0834591333267642
75,Os,1.3237869228062367,1.3624582945611217,0.958811051241089,-0.08496902935315338,-0.2142418043416204,0.5909368402852787,-0.5365433699886598,-0.1912730139190015,0.07232065745883551,0.5060571560765953,0.4097523504778735,-0.49433664931576515,-0.25703339765639793,0.2291289581782834,-0.3039405735090327,-0.34802008296463627,0.6752491012947078,0.3085541686721179,1.1224691163453941,0.49067741200066206,-0.1074993374165659,1.3806913903940732,1.06865558684361,1.0787197799411872,0.5309449615583298,-0.5295442847190055,0.7408234915847319,1.9267971152724899,-0.5309449615583298,0.5295442847190054,-0.740823491584732,-1.9267971152724899,-0.20602120290208142,0.11864912560033881,-0.452489506334392,2.1541814054573156,1.7146913209115469,2.7382028341161857,-0.3077469306695248,1.2129704980946936,2.2477083208875226,0.3004335672525475,2.1923040970601946,2.146681033736516
76,Ir,1.3640884587799222,1.393571300064519,0.958811051241089,0.0911862754033841,-0.2142418043416204,0.5909368402852787,-0.5365433699886598,-0.1912730139190015,0.17477492219218582,0.5060571560765953,0.32202199836044443,-0.4667714086475998,0.008683560731635025,0.21065878179267322,-0.18870886633567022,-0.34802008296463627,0.6752491012947078,0.33759456101772894,1.2279724012720517,0.7885143667765496,-0.0693418610228795,1.3806913903940732,1.3930688899925632,0.5056498968474316,0.5309449615583298,-0.5295442847190055,0.9947347689424021,1.9267971152724899,-0.5309449615583298,0.5295442847190054,-0.9947347689424023,-1.9267971152724899,-0.20602120290208142,0.23402661206708067,-0.5280514323354814,1.4757743875331961,1.1563428883133695,2.7028721460433625,-0.3077469306695248,0.8259720193570722,1.5797912556927018,1.0196383727084581,1.58736304948555,1.591231480136558
77,Pt,1.4043899947536078,1.4382864738030694,0.958811051241089,0.2673415801599216,-0.2142418043416204,0.5909368402852787,-0.5365433699886598,-0.1912730139190015,0.27722918692553616,0.5060571560765953,0.269383787089987,-0.38407568664310376,-0.25703339765639793,0.27110663178194355,-0.18870886633567022,-0.42116525469698696,0.787241635167976,0.3956753457089508,1.3782489707969379,0.9076491486869043,-0.01846522583129763,1.3806913903940732,1.7174821931415163,-0.06741998624632423,-1.1405484359401161,-0.5295442847190055,1.5025573236577427,1.9267971152724899,1.1405484359401161,0.5295442847190054,-1.5025573236577427,-1.9267971152724899,-0.8098764527874922,0.2044426411781725,-0.6204048974479238,0.7941622970834508,0.9683655826719831,2.526218705679249,-0.3077469306695248,0.38465796465627555,1.1376489730989474,0.10670836712974327,1.1072511069659907,1.0944879769170828
78,Au,1.4446915307272934,1.4677819157138121,0.958811051241089,0.4434968849164591,-0.2142418043416204,0.5909368402852787,-0.5365433699886598,-0.1912730139190015,0.37968345165888645,0.5060571560765953,0.2167455758195296,-0.27381472397044243,0.2153523061445489,0.2375244928990156,-0.18870886633567022,1.4562274864333462,1.1512173702560993,-0.6497787787330469,1.5138285653071655,1.008913713310706,0.2359179501266114,1.19783930908902,2.0418954962904694,-0.64048986934008,-1.1405484359401161,-0.5295442847190055,1.756468601015413,1.9267971152724899,1.1405484359401161,0.5295442847190054,-1.7564686010154131,-1.9267971152724899,-0.8098764527874922,0.26952737713377045,-0.6539879756706302,0.037765181035771006,0.5049363836154963,2.15524648091461,-0.3089636045814741,-0.09399804851920392,0.3116895600833803,3.077968624013253,0.15182834135206769,0.17777042097568818
79,Hg,1.484993066700979,1.5244335392923747,0.958811051241089,0.6196521896729966,-0.2142418043416204,0.5909368402852787,-0.5365433699886598,-0.1912730139190015,0.5504405595478037,0.5060571560765953,0.16410736454907218,-0.025727557956954417,0.36297283858234497,0.02763612488071594,0.15698625518441678,-0.2017297394999351,0.39526776661153595,-0.2141728935488811,1.6543946334830808,0.49663415109617964,0.032411409360284235,0.6600390699565105,2.3663087994394227,-1.2135597524338357,0.5309449615583298,-0.5295442847190055,1.756468601015413,1.9267971152724899,-0.5309449615583298,0.5295442847190054,-1.7564686010154131,-1.9267971152724899,-0.20602120290208142,0.615659836533996,-0.7127583625603662,-1.1405263151351133,-1.1843778185676557,1.13065652680275,-0.302271898065753,-0.7902558378971531,-0.9826161212315775,-0.6592326428557937,-1.312513083332588,-1.2402064882144495
80,Tl,1.5252946026746645,1.583740556265257,0.958811051241089,0.795807494429534,0.27793531374048025,0.5909368402852787,-0.5365433699886598,-0.1912730139190015,0.7211976674367209,-0.5430857284724436,-0.09908369180321454,0.5255772554063523,0.33344873209478576,-0.11928573273209404,1.0788399125713157,0.28590473871573596,-0.13669676928649,0.07623102990722931,-0.22739554955453622,-0.521968234237356,0.06929696987418123,0.12223883082400078,-0.5534109289011553,-0.06741998624632423,0.5309449615583298,0.15244456681304702,1.756468601015413,1.9267971152724899,-0.5309449615583298,-0.1524445668130471,-1.7564686010154131,-1.9267971152724899,0.3978340469833294,-0.6209501466223654,-0.5280514323354814,-0.7752548829646306,-0.5019519565032168,0.8480110222201679,-0.3077469306695248,-0.6648547518921729,-0.4893405540199856,-0.20204117056597587,-0.7315776328839213,-0.693788634673027
81,Pb,1.5655961386483503,1.627778748527276,0.958811051241089,0.9719627991860715,0.27793531374048025,0.5909368402852787,-0.5365433699886598,-0.1912730139190015,0.891954775325638,-0.5430857284724436,-0.13417583265018615,0.580707736742683,0.30392462560722655,-0.24102098618270784,0.8483764982245913,1.407464038611779,0.21327989906747452,0.41019554188175633,-0.18613904112052984,-0.10499649755111348,0.1519715020605016,-0.41556140830850874,-0.22899762575220223,0.5056498968474316,0.5309449615583298,0.8344334183450997,1.756468601015413,1.9267971152724899,-0.5309449615583298,-0.8344334183450997,-1.7564686010154131,-1.9267971152724899,1.0016892968687403,-0.24523371633323165,-0.595217588780894,-0.7490801240053536,-0.3263823938084566,0.759684302038111,-0.3077469306695248,-0.6202480851324155,-0.42537103228301687,-0.3328056806488688,-0.664361960931183,-0.6260508842340077
82,Bi,1.605897674622036,1.6556142568730465,0.958811051241089,1.1481181039426092,0.27793531374048025,0.5909368402852787,-0.5365433699886598,-0.1912730139190015,1.0627118832145552,-0.5430857284724436,-0.32718260730853005,0.24992484872469894,0.27440051911966734,-0.3190994590855153,0.3874496695311418,0.6272488734667054,0.42326590007985315,0.7296398576834782,-0.13973859143139275,0.3655858909947893,0.3503903793076703,-0.11439327439430338,0.09541567739675086,1.0787197799411872,0.5309449615583298,1.5164222698771521,1.756468601015413,1.9267971152724899,-0.5309449615583298,-1.5164222698771521,-1.7564686010154131,-1.9267971152724899,1.6055445467541511,-0.2836928784888123,-0.5448429714468345,-0.8094423232379722,-0.43805208032809206,0.46820612543732315,-0.3138303002292712,-0.1788661359616648,-0.768266483358386,-0.6649233206094013,-0.6115496472540315,-0.5583131337949883
83,Th,1.888008426437835,2.0161143977704548,1.6494800288300089,-0.9657455531358409,-0.7064189224237211,0.5909368402852787,-0.5365433699886598,-0.1912730139190015,-1.3278876272302855,0.5060571560765953,0.32202199836044443,0.6909686994153443,0.8353585423832919,2.1852885481088364,0.8483764982245913,0.6760123212882725,-0.5846669047795647,-0.490056620832186,-1.1634878795953405,-0.521968234237356,-0.7943339125029202,0.42340696473820616,-0.8778242320501084,-0.64048986934008,0.5309449615583298,-0.5295442847190055,-0.274821617845949,-0.6123928815982332,-0.5309449615583298,0.5295442847190054,0.2748216178459489,0.6123928815982334,-0.20602120290208142,-0.626866940800147,1.5289121088052828,0.7706584318955285,1.5657984055520329,0.812680334147345,-0.3138303002292712,0.14702731981738507,1.1583449948373783,-0.1063893530053413,1.1600634206431422,1.257058577970729
84,U,1.968611498385206,2.109778615544199,1.6494800288300089,-0.9657455531358409,-0.7064189224237211,0.5909368402852787,-0.5365433699886598,-0.1912730139190015,-1.1912819409191517,1.555200040625634,0.2342916462430154,0.1396638860520376,0.15630409316943047,1.9670046453698045,0.7331447910512288,-0.10420284385680084,-0.47267437090629627,0.09075122608003484,-0.9333752422229682,-0.40283345232700113,-0.6544231657260704,1.3806913903940732,-0.5534109289011553,-0.06741998624632423,0.5309449615583298,-0.5295442847190055,-0.5287328952036192,-0.06828073941164971,-0.5309449615583298,0.5295442847190054,0.5287328952036191,0.06828073941164978,-0.20602120290208142,-0.5943245728223481,1.134310939688483,0.1104134916166216,0.9627820983460016,2.1022504488053757,-0.3138303002292712,0.004448932914050669,0.9824288100607144,-0.42603593320796823,0.7471671500763212,0.9635283260683121
